,id,form-id,name,form,alias,category,weight,height,type-1,type-2,ability-1,ability-2,ability-3
0001-000,1,0,フシギダネ,,フシギダネ,たねポケモン,6.9,0.7,くさ,どく,しんりょく,,
0002-000,2,0,フシギソウ,,フシギソウ,たねポケモン,13.0,1.0,くさ,どく,しんりょく,,
0003-000,3,0,フシギバナ,,フシギバナ,たねポケモン,100.0,2.0,くさ,どく,しんりょく,,
0003-001,3,1,フシギバナ,メガフシギバナ,メガフシギバナ,たねポケモン,155.5,2.4,くさ,どく,あついしぼう,,
0003-999,3,999,フシギバナ,キョダイマックス,フシギバナ(キョダイ),-,"9,999.9",24.0,くさ,どく,しんりょく,,
0004-000,4,0,ヒトカゲ,,ヒトカゲ,とかげポケモン,8.5,0.6,ほのお,,もうか,,
0005-000,5,0,リザード,,リザード,かえんポケモン,19.0,1.1,ほのお,,もうか,,
0006-000,6,0,リザードン,,リザードン,かえんポケモン,90.5,1.7,ほのお,ひこう,もうか,,
0006-001,6,1,リザードン,メガリザードンＸ,メガリザードンＸ,かえんポケモン,110.5,1.7,ほのお,ドラゴン,かたいツメ,,
0006-002,6,2,リザードン,メガリザードンＹ,メガリザードンＹ,かえんポケモン,100.5,1.7,ほのお,ひこう,ひでり,,
0006-999,6,999,リザードン,キョダイマックス,リザードン(キョダイ),-,"9,999.9",28.0,ほのお,ひこう,もうか,,
0007-000,7,0,ゼニガメ,,ゼニガメ,かめのこポケモン,9.0,0.5,みず,,げきりゅう,,
0008-000,8,0,カメール,,カメール,かめポケモン,22.5,1.0,みず,,げきりゅう,,
0009-000,9,0,カメックス,,カメックス,こうらポケモン,85.5,1.6,みず,,げきりゅう,,
0009-001,9,1,カメックス,メガカメックス,メガカメックス,こうらポケモン,101.1,1.6,みず,,メガランチャー,,
0009-999,9,999,カメックス,キョダイマックス,カメックス(キョダイ),-,"9,999.9",25.0,みず,,げきりゅう,,
0010-000,10,0,キャタピー,,キャタピー,いもむしポケモン,2.9,0.3,むし,,りんぷん,,
0011-000,11,0,トランセル,,トランセル,さなぎポケモン,9.9,0.7,むし,,だっぴ,,
0012-000,12,0,バタフリー,,バタフリー,ちょうちょポケモン,32.0,1.1,むし,ひこう,ふくがん,,
0012-999,12,999,バタフリー,キョダイマックス,バタフリー(キョダイ),-,"9,999.9",17.0,むし,ひこう,ふくがん,,
0013-000,13,0,ビードル,,ビードル,けむしポケモン,3.2,0.3,むし,どく,りんぷん,,
0014-000,14,0,コクーン,,コクーン,さなぎポケモン,10.0,0.6,むし,どく,だっぴ,,
0015-000,15,0,スピアー,,スピアー,どくばちポケモン,29.5,1.0,むし,どく,むしのしらせ,,
0015-001,15,1,スピアー,メガスピアー,メガスピアー,どくばちポケモン,40.5,1.4,むし,どく,てきおうりょく,,
0016-000,16,0,ポッポ,,ポッポ,ことりポケモン,1.8,0.3,ノーマル,ひこう,するどいめ,ちどりあし,
0017-000,17,0,ピジョン,,ピジョン,とりポケモン,30.0,1.1,ノーマル,ひこう,するどいめ,ちどりあし,
0018-000,18,0,ピジョット,,ピジョット,とりポケモン,39.5,1.5,ノーマル,ひこう,するどいめ,ちどりあし,
0018-001,18,1,ピジョット,メガピジョット,メガピジョット,とりポケモン,50.5,2.2,ノーマル,ひこう,ノーガード,,
0019-000,19,0,コラッタ,,コラッタ,ねずみポケモン,3.5,0.3,ノーマル,,にげあし,こんじょう,
0019-001,19,1,コラッタ,アローラのすがた,コラッタ(アローラ),ねずみポケモン,3.8,0.3,あく,ノーマル,くいしんぼう,はりきり,
0020-000,20,0,ラッタ,,ラッタ,ねずみポケモン,18.5,0.7,ノーマル,,にげあし,こんじょう,
0020-001,20,1,ラッタ,アローラのすがた,ラッタ(アローラ),ねずみポケモン,25.5,0.7,あく,ノーマル,くいしんぼう,はりきり,
0021-000,21,0,オニスズメ,,オニスズメ,ことりポケモン,2.0,0.3,ノーマル,ひこう,するどいめ,,
0022-000,22,0,オニドリル,,オニドリル,くちばしポケモン,38.0,1.2,ノーマル,ひこう,するどいめ,,
0023-000,23,0,アーボ,,アーボ,へびポケモン,6.9,2.0,どく,,いかく,だっぴ,
0024-000,24,0,アーボック,,アーボック,コブラポケモン,65.0,3.5,どく,,いかく,だっぴ,
0025-000,25,0,ピカチュウ,,ピカチュウ,ねずみポケモン,6.0,0.4,でんき,,せいでんき,,
0025-999,25,999,ピカチュウ,キョダイマックス,ピカチュウ(キョダイ),-,"9,999.9",21.0,でんき,,せいでんき,,
0026-000,26,0,ライチュウ,,ライチュウ,ねずみポケモン,30.0,0.8,でんき,,せいでんき,,
0026-001,26,1,ライチュウ,アローラのすがた,ライチュウ(アローラ),ねずみポケモン,21.0,0.7,でんき,エスパー,サーフテール,,
0027-000,27,0,サンド,,サンド,ねずみポケモン,12.0,0.6,じめん,,すながくれ,,
0027-001,27,1,サンド,アローラのすがた,サンド(アローラ),ねずみポケモン,40.0,0.7,こおり,はがね,ゆきがくれ,,
0028-000,28,0,サンドパン,,サンドパン,ねずみポケモン,29.5,1.0,じめん,,すながくれ,,
0028-001,28,1,サンドパン,アローラのすがた,サンドパン(アローラ),ねずみポケモン,55.0,1.2,こおり,はがね,ゆきがくれ,,
0029-000,29,0,ニドラン♀,,ニドラン♀,どくばりポケモン,7.0,0.4,どく,,どくのトゲ,とうそうしん,
0030-000,30,0,ニドリーナ,,ニドリーナ,どくばりポケモン,20.0,0.8,どく,,どくのトゲ,とうそうしん,
0031-000,31,0,ニドクイン,,ニドクイン,ドリルポケモン,60.0,1.3,どく,じめん,どくのトゲ,とうそうしん,
0032-000,32,0,ニドラン♂,,ニドラン♂,どくばりポケモン,9.0,0.5,どく,,どくのトゲ,とうそうしん,
0033-000,33,0,ニドリーノ,,ニドリーノ,どくばりポケモン,19.5,0.9,どく,,どくのトゲ,とうそうしん,
0034-000,34,0,ニドキング,,ニドキング,ドリルポケモン,62.0,1.4,どく,じめん,どくのトゲ,とうそうしん,
0035-000,35,0,ピッピ,,ピッピ,ようせいポケモン,7.5,0.6,フェアリー,,メロメロボディ,マジックガード,
0036-000,36,0,ピクシー,,ピクシー,ようせいポケモン,40.0,1.3,フェアリー,,メロメロボディ,マジックガード,
0037-000,37,0,ロコン,,ロコン,きつねポケモン,9.9,0.6,ほのお,,もらいび,,
0037-001,37,1,ロコン,アローラのすがた,ロコン(アローラ),きつねポケモン,9.9,0.6,こおり,,ゆきがくれ,,
0038-000,38,0,キュウコン,,キュウコン,きつねポケモン,19.9,1.1,ほのお,,もらいび,,
0038-001,38,1,キュウコン,アローラのすがた,キュウコン(アローラ),きつねポケモン,19.9,1.1,こおり,フェアリー,ゆきがくれ,,
0039-000,39,0,プリン,,プリン,ふうせんポケモン,5.5,0.5,ノーマル,フェアリー,メロメロボディ,かちき,
0040-000,40,0,プクリン,,プクリン,ふうせんポケモン,12.0,1.0,ノーマル,フェアリー,メロメロボディ,かちき,
0041-000,41,0,ズバット,,ズバット,こうもりポケモン,7.5,0.8,どく,ひこう,せいしんりょく,,
0042-000,42,0,ゴルバット,,ゴルバット,こうもりポケモン,55.0,1.6,どく,ひこう,せいしんりょく,,
0043-000,43,0,ナゾノクサ,,ナゾノクサ,ざっそうポケモン,5.4,0.5,くさ,どく,ようりょくそ,,
0044-000,44,0,クサイハナ,,クサイハナ,ざっそうポケモン,8.6,0.8,くさ,どく,ようりょくそ,,
0045-000,45,0,ラフレシア,,ラフレシア,フラワーポケモン,18.6,1.2,くさ,どく,ようりょくそ,,
0046-000,46,0,パラス,,パラス,きのこポケモン,5.4,0.3,むし,くさ,ほうし,かんそうはだ,
0047-000,47,0,パラセクト,,パラセクト,きのこポケモン,29.5,1.0,むし,くさ,ほうし,かんそうはだ,
0048-000,48,0,コンパン,,コンパン,こんちゅうポケモン,30.0,1.0,むし,どく,ふくがん,いろめがね,
0049-000,49,0,モルフォン,,モルフォン,どくがポケモン,12.5,1.5,むし,どく,りんぷん,いろめがね,
0050-000,50,0,ディグダ,,ディグダ,もぐらポケモン,0.8,0.2,じめん,,すながくれ,ありじごく,
0050-001,50,1,ディグダ,アローラのすがた,ディグダ(アローラ),もぐらポケモン,1.0,0.2,じめん,はがね,すながくれ,カーリーヘアー,
0051-000,51,0,ダグトリオ,,ダグトリオ,もぐらポケモン,33.3,0.7,じめん,,すながくれ,ありじごく,
0051-001,51,1,ダグトリオ,アローラのすがた,ダグトリオ(アローラ),もぐらポケモン,66.6,0.7,じめん,はがね,すながくれ,カーリーヘアー,
0052-000,52,0,ニャース,,ニャース,ばけねこポケモン,4.2,0.4,ノーマル,,ものひろい,テクニシャン,
0052-001,52,1,ニャース,アローラのすがた,ニャース(アローラ),ばけねこポケモン,4.2,0.4,あく,,ものひろい,テクニシャン,
0052-002,52,2,ニャース,ガラルのすがた,ニャース(ガラル),ばけねこポケモン,7.5,0.4,はがね,,ものひろい,かたいツメ,
0052-999,52,999,ニャース,キョダイマックス,ニャース(キョダイ),-,"9,999.9",33.0,ノーマル,,ものひろい,テクニシャン,
0053-000,53,0,ペルシアン,,ペルシアン,シャムネコポケモン,32.0,1.0,ノーマル,,じゅうなん,テクニシャン,
0053-001,53,1,ペルシアン,アローラのすがた,ペルシアン(アローラ),シャムネコポケモン,33.0,1.1,あく,,ファーコート,テクニシャン,
0054-000,54,0,コダック,,コダック,あひるポケモン,19.6,0.8,みず,,しめりけ,ノーてんき,
0055-000,55,0,ゴルダック,,ゴルダック,あひるポケモン,76.6,1.7,みず,,しめりけ,ノーてんき,
0056-000,56,0,マンキー,,マンキー,ぶたざるポケモン,28.0,0.5,かくとう,,やるき,いかりのつぼ,
0057-000,57,0,オコリザル,,オコリザル,ぶたざるポケモン,32.0,1.0,かくとう,,やるき,いかりのつぼ,
0058-000,58,0,ガーディ,,ガーディ,こいぬポケモン,19.0,0.7,ほのお,,いかく,もらいび,
0058-001,58,1,ガーディ,ヒスイのすがた,ガーディ(ヒスイ),みはりポケモン,22.7,0.8,ほのお,いわ,いかく,もらいび,
0059-000,59,0,ウインディ,,ウインディ,でんせつポケモン,155.0,1.9,ほのお,,いかく,もらいび,
0059-001,59,1,ウインディ,ヒスイのすがた,ウインディ(ヒスイ),でんせつポケモン,168.0,2.0,ほのお,いわ,いかく,もらいび,
0060-000,60,0,ニョロモ,,ニョロモ,おたまポケモン,12.4,0.6,みず,,ちょすい,しめりけ,
0061-000,61,0,ニョロゾ,,ニョロゾ,おたまポケモン,20.0,1.0,みず,,ちょすい,しめりけ,
0062-000,62,0,ニョロボン,,ニョロボン,おたまポケモン,54.0,1.3,みず,かくとう,ちょすい,しめりけ,
0063-000,63,0,ケーシィ,,ケーシィ,ねんりきポケモン,19.5,0.9,エスパー,,シンクロ,せいしんりょく,
0064-000,64,0,ユンゲラー,,ユンゲラー,ねんりきポケモン,56.5,1.3,エスパー,,シンクロ,せいしんりょく,
0065-000,65,0,フーディン,,フーディン,ねんりきポケモン,48.0,1.5,エスパー,,シンクロ,せいしんりょく,
0065-001,65,1,フーディン,メガフーディン,メガフーディン,ねんりきポケモン,48.0,1.2,エスパー,,トレース,,
0066-000,66,0,ワンリキー,,ワンリキー,かいりきポケモン,19.5,0.8,かくとう,,こんじょう,ノーガード,
0067-000,67,0,ゴーリキー,,ゴーリキー,かいりきポケモン,70.5,1.5,かくとう,,こんじょう,ノーガード,
0068-000,68,0,カイリキー,,カイリキー,かいりきポケモン,130.0,1.6,かくとう,,こんじょう,ノーガード,
0068-999,68,999,カイリキー,キョダイマックス,カイリキー(キョダイ),-,"9,999.9",25.0,かくとう,,こんじょう,ノーガード,
0069-000,69,0,マダツボミ,,マダツボミ,フラワーポケモン,4.0,0.7,くさ,どく,ようりょくそ,,
0070-000,70,0,ウツドン,,ウツドン,ハエとりポケモン,6.4,1.0,くさ,どく,ようりょくそ,,
0071-000,71,0,ウツボット,,ウツボット,ハエとりポケモン,15.5,1.7,くさ,どく,ようりょくそ,,
0072-000,72,0,メノクラゲ,,メノクラゲ,くらげポケモン,45.5,0.9,みず,どく,クリアボディ,ヘドロえき,
0073-000,73,0,ドククラゲ,,ドククラゲ,くらげポケモン,55.0,1.6,みず,どく,クリアボディ,ヘドロえき,
0074-000,74,0,イシツブテ,,イシツブテ,がんせきポケモン,20.0,0.4,いわ,じめん,いしあたま,がんじょう,
0074-001,74,1,イシツブテ,アローラのすがた,イシツブテ(アローラ),がんせきポケモン,20.3,0.4,いわ,でんき,じりょく,がんじょう,
0075-000,75,0,ゴローン,,ゴローン,がんせきポケモン,105.0,1.0,いわ,じめん,いしあたま,がんじょう,
0075-001,75,1,ゴローン,アローラのすがた,ゴローン(アローラ),がんせきポケモン,110.0,1.0,いわ,でんき,じりょく,がんじょう,
0076-000,76,0,ゴローニャ,,ゴローニャ,メガトンポケモン,300.0,1.4,いわ,じめん,いしあたま,がんじょう,
0076-001,76,1,ゴローニャ,アローラのすがた,ゴローニャ(アローラ),メガトンポケモン,316.0,1.7,いわ,でんき,じりょく,がんじょう,
0077-000,77,0,ポニータ,,ポニータ,ひのうまポケモン,30.0,1.0,ほのお,,にげあし,もらいび,
0077-001,77,1,ポニータ,ガラルのすがた,ポニータ(ガラル),いっかくポケモン,24.0,0.8,エスパー,,にげあし,パステルベール,
0078-000,78,0,ギャロップ,,ギャロップ,ひのうまポケモン,95.0,1.7,ほのお,,にげあし,もらいび,
0078-001,78,1,ギャロップ,ガラルのすがた,ギャロップ(ガラル),いっかくポケモン,80.0,1.7,エスパー,フェアリー,にげあし,パステルベール,
0079-000,79,0,ヤドン,,ヤドン,まぬけポケモン,36.0,1.2,みず,エスパー,どんかん,マイペース,
0079-001,79,1,ヤドン,ガラルのすがた,ヤドン(ガラル),まぬけポケモン,36.0,1.2,エスパー,,くいしんぼう,マイペース,
0080-000,80,0,ヤドラン,,ヤドラン,やどかりポケモン,78.5,1.6,みず,エスパー,どんかん,マイペース,
0080-001,80,1,ヤドラン,メガヤドラン,メガヤドラン,やどかりポケモン,120.0,2.0,みず,エスパー,シェルアーマー,,
0080-002,80,2,ヤドラン,ガラルのすがた,ヤドラン(ガラル),やどかりポケモン,70.5,1.6,どく,エスパー,クイックドロウ,マイペース,
0081-000,81,0,コイル,,コイル,じしゃくポケモン,6.0,0.3,でんき,はがね,じりょく,がんじょう,
0082-000,82,0,レアコイル,,レアコイル,じしゃくポケモン,60.0,1.0,でんき,はがね,じりょく,がんじょう,
0083-000,83,0,カモネギ,,カモネギ,かるがもポケモン,15.0,0.8,ノーマル,ひこう,するどいめ,せいしんりょく,
0083-001,83,1,カモネギ,ガラルのすがた,カモネギ(ガラル),かるがもポケモン,42.0,0.8,かくとう,,ふくつのこころ,,
0084-000,84,0,ドードー,,ドードー,ふたごどりポケモン,39.2,1.4,ノーマル,ひこう,にげあし,はやおき,
0085-000,85,0,ドードリオ,,ドードリオ,みつごどりポケモン,85.2,1.8,ノーマル,ひこう,にげあし,はやおき,
0086-000,86,0,パウワウ,,パウワウ,あしかポケモン,90.0,1.1,みず,,あついしぼう,うるおいボディ,
0087-000,87,0,ジュゴン,,ジュゴン,あしかポケモン,120.0,1.7,みず,こおり,あついしぼう,うるおいボディ,
0088-000,88,0,ベトベター,,ベトベター,ヘドロポケモン,30.0,0.9,どく,,あくしゅう,ねんちゃく,
0088-001,88,1,ベトベター,アローラのすがた,ベトベター(アローラ),ヘドロポケモン,42.0,0.7,どく,あく,どくしゅ,くいしんぼう,
0089-000,89,0,ベトベトン,,ベトベトン,ヘドロポケモン,30.0,1.2,どく,,あくしゅう,ねんちゃく,
0089-001,89,1,ベトベトン,アローラのすがた,ベトベトン(アローラ),ヘドロポケモン,52.0,1.0,どく,あく,どくしゅ,くいしんぼう,
0090-000,90,0,シェルダー,,シェルダー,２まいがいポケモン,4.0,0.3,みず,,シェルアーマー,スキルリンク,
0091-000,91,0,パルシェン,,パルシェン,２まいがいポケモン,132.5,1.5,みず,こおり,シェルアーマー,スキルリンク,
0092-000,92,0,ゴース,,ゴース,ガスじょうポケモン,0.1,1.3,ゴースト,どく,ふゆう,,
0093-000,93,0,ゴースト,,ゴースト,ガスじょうポケモン,0.1,1.6,ゴースト,どく,ふゆう,,
0094-000,94,0,ゲンガー,,ゲンガー,シャドーポケモン,40.5,1.5,ゴースト,どく,のろわれボディ,,
0094-001,94,1,ゲンガー,メガゲンガー,メガゲンガー,シャドーポケモン,40.5,1.4,ゴースト,どく,かげふみ,,
0094-999,94,999,ゲンガー,キョダイマックス,ゲンガー(キョダイ),-,"9,999.9",20.0,ゴースト,どく,のろわれボディ,,
0095-000,95,0,イワーク,,イワーク,いわへびポケモン,210.0,8.8,いわ,じめん,いしあたま,がんじょう,
0096-000,96,0,スリープ,,スリープ,さいみんポケモン,32.4,1.0,エスパー,,ふみん,よちむ,
0097-000,97,0,スリーパー,,スリーパー,さいみんポケモン,75.6,1.6,エスパー,,ふみん,よちむ,
0098-000,98,0,クラブ,,クラブ,さわがにポケモン,6.5,0.4,みず,,かいりきバサミ,シェルアーマー,
0099-000,99,0,キングラー,,キングラー,はさみポケモン,60.0,1.3,みず,,かいりきバサミ,シェルアーマー,
0099-999,99,999,キングラー,キョダイマックス,キングラー(キョダイ),-,"9,999.9",19.0,みず,,かいりきバサミ,シェルアーマー,
0100-000,100,0,ビリリダマ,,ビリリダマ,ボールポケモン,10.4,0.5,でんき,,ぼうおん,せいでんき,
0100-001,100,1,ビリリダマ,ヒスイのすがた,ビリリダマ(ヒスイ),きゅうたいポケモン,13.0,0.5,でんき,くさ,ぼうおん,せいでんき,
0101-000,101,0,マルマイン,,マルマイン,ボールポケモン,66.6,1.2,でんき,,ぼうおん,せいでんき,
0101-001,101,1,マルマイン,ヒスイのすがた,マルマイン(ヒスイ),きゅうたいポケモン,71.0,1.2,でんき,くさ,ぼうおん,せいでんき,
0102-000,102,0,タマタマ,,タマタマ,たまごポケモン,2.5,0.4,くさ,エスパー,ようりょくそ,,
0103-000,103,0,ナッシー,,ナッシー,やしのみポケモン,120.0,2.0,くさ,エスパー,ようりょくそ,,
0103-001,103,1,ナッシー,アローラのすがた,ナッシー(アローラ),やしのみポケモン,415.6,10.9,くさ,ドラゴン,おみとおし,,
0104-000,104,0,カラカラ,,カラカラ,こどくポケモン,6.5,0.4,じめん,,いしあたま,ひらいしん,
0105-000,105,0,ガラガラ,,ガラガラ,ほねずきポケモン,45.0,1.0,じめん,,いしあたま,ひらいしん,
0105-001,105,1,ガラガラ,アローラのすがた,ガラガラ(アローラ),ほねずきポケモン,34.0,1.0,ほのお,ゴースト,のろわれボディ,ひらいしん,
0106-000,106,0,サワムラー,,サワムラー,キックポケモン,49.8,1.5,かくとう,,じゅうなん,すてみ,
0107-000,107,0,エビワラー,,エビワラー,パンチポケモン,50.2,1.4,かくとう,,するどいめ,てつのこぶし,
0108-000,108,0,ベロリンガ,,ベロリンガ,なめまわしポケモン,65.5,1.2,ノーマル,,マイペース,どんかん,
0109-000,109,0,ドガース,,ドガース,どくガスポケモン,1.0,0.6,どく,,ふゆう,かがくへんかガス,
0110-000,110,0,マタドガス,,マタドガス,どくガスポケモン,9.5,1.2,どく,,ふゆう,かがくへんかガス,
0110-001,110,1,マタドガス,ガラルのすがた,マタドガス(ガラル),どくガスポケモン,16.0,3.0,どく,フェアリー,ふゆう,かがくへんかガス,
0111-000,111,0,サイホーン,,サイホーン,とげとげポケモン,115.0,1.0,じめん,いわ,ひらいしん,いしあたま,
0112-000,112,0,サイドン,,サイドン,ドリルポケモン,120.0,1.9,じめん,いわ,ひらいしん,いしあたま,
0113-000,113,0,ラッキー,,ラッキー,たまごポケモン,34.6,1.1,ノーマル,,しぜんかいふく,てんのめぐみ,
0114-000,114,0,モンジャラ,,モンジャラ,ツルじょうポケモン,35.0,1.0,くさ,,ようりょくそ,リーフガード,
0115-000,115,0,ガルーラ,,ガルーラ,おやこポケモン,80.0,2.2,ノーマル,,はやおき,きもったま,
0115-001,115,1,ガルーラ,メガガルーラ,メガガルーラ,おやこポケモン,100.0,2.2,ノーマル,,おやこあい,,
0116-000,116,0,タッツー,,タッツー,ドラゴンポケモン,8.0,0.4,みず,,すいすい,スナイパー,
0117-000,117,0,シードラ,,シードラ,ドラゴンポケモン,25.0,1.2,みず,,どくのトゲ,スナイパー,
0118-000,118,0,トサキント,,トサキント,きんぎょポケモン,15.0,0.6,みず,,すいすい,みずのベール,
0119-000,119,0,アズマオウ,,アズマオウ,きんぎょポケモン,39.0,1.3,みず,,すいすい,みずのベール,
0120-000,120,0,ヒトデマン,,ヒトデマン,ほしがたポケモン,34.5,0.8,みず,,はっこう,しぜんかいふく,
0121-000,121,0,スターミー,,スターミー,なぞのポケモン,80.0,1.1,みず,エスパー,はっこう,しぜんかいふく,
0122-000,122,0,バリヤード,,バリヤード,バリアーポケモン,54.5,1.3,エスパー,フェアリー,ぼうおん,フィルター,
0122-001,122,1,バリヤード,ガラルのすがた,バリヤード(ガラル),ダンスポケモン,56.8,1.4,こおり,エスパー,やるき,バリアフリー,
0123-000,123,0,ストライク,,ストライク,かまきりポケモン,56.0,1.5,むし,ひこう,むしのしらせ,テクニシャン,
0124-000,124,0,ルージュラ,,ルージュラ,ひとがたポケモン,40.6,1.4,こおり,エスパー,どんかん,よちむ,
0125-000,125,0,エレブー,,エレブー,でんげきポケモン,30.0,1.1,でんき,,せいでんき,,
0126-000,126,0,ブーバー,,ブーバー,ひふきポケモン,44.5,1.3,ほのお,,ほのおのからだ,,
0127-000,127,0,カイロス,,カイロス,くわがたポケモン,55.0,1.5,むし,,かいりきバサミ,かたやぶり,
0127-001,127,1,カイロス,メガカイロス,メガカイロス,くわがたポケモン,59.0,1.7,むし,ひこう,スカイスキン,,
0128-000,128,0,ケンタロス,,ケンタロス,あばれうしポケモン,88.4,1.4,ノーマル,,いかく,いかりのつぼ,
0128-001,128,1,ケンタロス,パルデアのすがた,ケンタロス(パルデア闘),あばれうしポケモン,115.0,1.4,かくとう,,いかく,いかりのつぼ,
0128-002,128,2,ケンタロス,パルデアのすがた,ケンタロス(パルデア炎),あばれうしポケモン,85.0,1.4,かくとう,ほのお,いかく,いかりのつぼ,
0128-003,128,3,ケンタロス,パルデアのすがた,ケンタロス(パルデア水),あばれうしポケモン,110.0,1.4,かくとう,みず,いかく,いかりのつぼ,
0129-000,129,0,コイキング,,コイキング,さかなポケモン,10.0,0.9,みず,,すいすい,,
0130-000,130,0,ギャラドス,,ギャラドス,きょうあくポケモン,235.0,6.5,みず,ひこう,いかく,,
0130-001,130,1,ギャラドス,メガギャラドス,メガギャラドス,きょうあくポケモン,305.0,6.5,みず,あく,かたやぶり,,
0131-000,131,0,ラプラス,,ラプラス,のりものポケモン,220.0,2.5,みず,こおり,ちょすい,シェルアーマー,
0131-999,131,999,ラプラス,キョダイマックス,ラプラス(キョダイ),-,"9,999.9",24.0,みず,こおり,ちょすい,シェルアーマー,
0132-000,132,0,メタモン,,メタモン,へんしんポケモン,4.0,0.3,ノーマル,,じゅうなん,,
0133-000,133,0,イーブイ,,イーブイ,しんかポケモン,6.5,0.3,ノーマル,,にげあし,てきおうりょく,
0133-999,133,999,イーブイ,キョダイマックス,イーブイ(キョダイ),-,"9,999.9",18.0,ノーマル,,にげあし,てきおうりょく,
0134-000,134,0,シャワーズ,,シャワーズ,あわはきポケモン,29.0,1.0,みず,,ちょすい,,
0135-000,135,0,サンダース,,サンダース,かみなりポケモン,24.5,0.8,でんき,,ちくでん,,
0136-000,136,0,ブースター,,ブースター,ほのおポケモン,25.0,0.9,ほのお,,もらいび,,
0137-000,137,0,ポリゴン,,ポリゴン,バーチャルポケモン,36.5,0.8,ノーマル,,トレース,ダウンロード,
0138-000,138,0,オムナイト,,オムナイト,うずまきポケモン,7.5,0.4,いわ,みず,すいすい,シェルアーマー,
0139-000,139,0,オムスター,,オムスター,うずまきポケモン,35.0,1.0,いわ,みず,すいすい,シェルアーマー,
0140-000,140,0,カブト,,カブト,こうらポケモン,11.5,0.5,いわ,みず,すいすい,カブトアーマー,
0141-000,141,0,カブトプス,,カブトプス,こうらポケモン,40.5,1.3,いわ,みず,すいすい,カブトアーマー,
0142-000,142,0,プテラ,,プテラ,かせきポケモン,59.0,1.8,いわ,ひこう,いしあたま,プレッシャー,
0142-001,142,1,プテラ,メガプテラ,メガプテラ,かせきポケモン,79.0,2.1,いわ,ひこう,かたいツメ,,
0143-000,143,0,カビゴン,,カビゴン,いねむりポケモン,460.0,2.1,ノーマル,,めんえき,あついしぼう,
0143-999,143,999,カビゴン,キョダイマックス,カビゴン(キョダイ),-,"9,999.9",35.0,ノーマル,,めんえき,あついしぼう,
0144-000,144,0,フリーザー,,フリーザー,れいとうポケモン,55.4,1.7,こおり,ひこう,プレッシャー,,
0144-001,144,1,フリーザー,ガラルのすがた,フリーザー(ガラル),れいこくポケモン,50.9,1.7,エスパー,ひこう,かちき,,
0145-000,145,0,サンダー,,サンダー,でんげきポケモン,52.6,1.6,でんき,ひこう,プレッシャー,,
0145-001,145,1,サンダー,ガラルのすがた,サンダー(ガラル),けんきゃくポケモン,58.2,1.6,かくとう,ひこう,まけんき,,
0146-000,146,0,ファイヤー,,ファイヤー,かえんポケモン,60.0,2.0,ほのお,ひこう,プレッシャー,,
0146-001,146,1,ファイヤー,ガラルのすがた,ファイヤー(ガラル),じゃあくポケモン,66.0,2.0,あく,ひこう,ぎゃくじょう,,
0147-000,147,0,ミニリュウ,,ミニリュウ,ドラゴンポケモン,3.3,1.8,ドラゴン,,だっぴ,,
0148-000,148,0,ハクリュー,,ハクリュー,ドラゴンポケモン,16.5,4.0,ドラゴン,,だっぴ,,
0149-000,149,0,カイリュー,,カイリュー,ドラゴンポケモン,210.0,2.2,ドラゴン,ひこう,せいしんりょく,,
0150-000,150,0,ミュウツー,,ミュウツー,いでんしポケモン,122.0,2.0,エスパー,,プレッシャー,,
0150-001,150,1,ミュウツー,メガミュウツーＸ,メガミュウツーＸ,いでんしポケモン,127.0,2.3,エスパー,かくとう,ふくつのこころ,,
0150-002,150,2,ミュウツー,メガミュウツーＹ,メガミュウツーＹ,いでんしポケモン,33.0,1.5,エスパー,,ふみん,,
0151-000,151,0,ミュウ,,ミュウ,しんしゅポケモン,4.0,0.4,エスパー,,シンクロ,,
0152-000,152,0,チコリータ,,チコリータ,はっぱポケモン,6.4,0.9,くさ,,しんりょく,,
0153-000,153,0,ベイリーフ,,ベイリーフ,はっぱポケモン,15.8,1.2,くさ,,しんりょく,,
0154-000,154,0,メガニウム,,メガニウム,ハーブポケモン,100.5,1.8,くさ,,しんりょく,,
0155-000,155,0,ヒノアラシ,,ヒノアラシ,ひねずみポケモン,7.9,0.5,ほのお,,もうか,,
0156-000,156,0,マグマラシ,,マグマラシ,かざんポケモン,19.0,0.9,ほのお,,もうか,,
0157-000,157,0,バクフーン,,バクフーン,かざんポケモン,79.5,1.7,ほのお,,もうか,,
0157-001,157,1,バクフーン,ヒスイのすがた,バクフーン(ヒスイ),おにびポケモン,69.8,1.6,ほのお,ゴースト,もうか,,
0158-000,158,0,ワニノコ,,ワニノコ,おおあごポケモン,9.5,0.6,みず,,げきりゅう,,
0159-000,159,0,アリゲイツ,,アリゲイツ,おおあごポケモン,25.0,1.1,みず,,げきりゅう,,
0160-000,160,0,オーダイル,,オーダイル,おおあごポケモン,88.8,2.3,みず,,げきりゅう,,
0161-000,161,0,オタチ,,オタチ,みはりポケモン,6.0,0.8,ノーマル,,にげあし,するどいめ,
0162-000,162,0,オオタチ,,オオタチ,どうながポケモン,32.5,1.8,ノーマル,,にげあし,するどいめ,
0163-000,163,0,ホーホー,,ホーホー,ふくろうポケモン,21.2,0.7,ノーマル,ひこう,ふみん,するどいめ,
0164-000,164,0,ヨルノズク,,ヨルノズク,ふくろうポケモン,40.8,1.6,ノーマル,ひこう,ふみん,するどいめ,
0165-000,165,0,レディバ,,レディバ,いつつぼしポケモン,10.8,1.0,むし,ひこう,むしのしらせ,はやおき,
0166-000,166,0,レディアン,,レディアン,いつつぼしポケモン,35.6,1.4,むし,ひこう,むしのしらせ,はやおき,
0167-000,167,0,イトマル,,イトマル,いとはきポケモン,8.5,0.5,むし,どく,むしのしらせ,ふみん,
0168-000,168,0,アリアドス,,アリアドス,あしながポケモン,33.5,1.1,むし,どく,むしのしらせ,ふみん,
0169-000,169,0,クロバット,,クロバット,こうもりポケモン,75.0,1.8,どく,ひこう,せいしんりょく,,
0170-000,170,0,チョンチー,,チョンチー,あんこうポケモン,12.0,0.5,みず,でんき,ちくでん,はっこう,
0171-000,171,0,ランターン,,ランターン,ライトポケモン,22.5,1.2,みず,でんき,ちくでん,はっこう,
0172-000,172,0,ピチュー,,ピチュー,こねずみポケモン,2.0,0.3,でんき,,せいでんき,,
0173-000,173,0,ピィ,,ピィ,ほしがたポケモン,3.0,0.3,フェアリー,,メロメロボディ,マジックガード,
0174-000,174,0,ププリン,,ププリン,ふうせんポケモン,1.0,0.3,ノーマル,フェアリー,メロメロボディ,かちき,
0175-000,175,0,トゲピー,,トゲピー,はりたまポケモン,1.5,0.3,フェアリー,,はりきり,てんのめぐみ,
0176-000,176,0,トゲチック,,トゲチック,しあわせポケモン,3.2,0.6,フェアリー,ひこう,はりきり,てんのめぐみ,
0177-000,177,0,ネイティ,,ネイティ,ことりポケモン,2.0,0.2,エスパー,ひこう,シンクロ,はやおき,
0178-000,178,0,ネイティオ,,ネイティオ,せいれいポケモン,15.0,1.5,エスパー,ひこう,シンクロ,はやおき,
0179-000,179,0,メリープ,,メリープ,わたげポケモン,7.8,0.6,でんき,,せいでんき,,
0180-000,180,0,モココ,,モココ,わたげポケモン,13.3,0.8,でんき,,せいでんき,,
0181-000,181,0,デンリュウ,,デンリュウ,ライトポケモン,61.5,1.4,でんき,,せいでんき,,
0181-001,181,1,デンリュウ,メガデンリュウ,メガデンリュウ,ライトポケモン,61.5,1.4,でんき,ドラゴン,かたやぶり,,
0182-000,182,0,キレイハナ,,キレイハナ,フラワーポケモン,5.8,0.4,くさ,,ようりょくそ,,
0183-000,183,0,マリル,,マリル,みずねずみポケモン,8.5,0.4,みず,フェアリー,あついしぼう,ちからもち,
0184-000,184,0,マリルリ,,マリルリ,みずうさぎポケモン,28.5,0.8,みず,フェアリー,あついしぼう,ちからもち,
0185-000,185,0,ウソッキー,,ウソッキー,まねポケモン,38.0,1.2,いわ,,がんじょう,いしあたま,
0186-000,186,0,ニョロトノ,,ニョロトノ,かえるポケモン,33.9,1.1,みず,,ちょすい,しめりけ,
0187-000,187,0,ハネッコ,,ハネッコ,わたくさポケモン,0.5,0.4,くさ,ひこう,ようりょくそ,リーフガード,
0188-000,188,0,ポポッコ,,ポポッコ,わたくさポケモン,1.0,0.6,くさ,ひこう,ようりょくそ,リーフガード,
0189-000,189,0,ワタッコ,,ワタッコ,わたくさポケモン,3.0,0.8,くさ,ひこう,ようりょくそ,リーフガード,
0190-000,190,0,エイパム,,エイパム,おながポケモン,11.5,0.8,ノーマル,,にげあし,ものひろい,
0191-000,191,0,ヒマナッツ,,ヒマナッツ,たねポケモン,1.8,0.3,くさ,,ようりょくそ,サンパワー,
0192-000,192,0,キマワリ,,キマワリ,たいようポケモン,8.5,0.8,くさ,,ようりょくそ,サンパワー,
0193-000,193,0,ヤンヤンマ,,ヤンヤンマ,うすばねポケモン,38.0,1.2,むし,ひこう,かそく,ふくがん,
0194-000,194,0,ウパー,,ウパー,みずうおポケモン,8.5,0.4,みず,じめん,しめりけ,ちょすい,
0194-001,194,1,ウパー,パルデアのすがた,ウパー(パルデア),どくうおポケモン,11.0,0.4,どく,じめん,どくのトゲ,ちょすい,
0195-000,195,0,ヌオー,,ヌオー,みずうおポケモン,75.0,1.4,みず,じめん,しめりけ,ちょすい,
0196-000,196,0,エーフィ,,エーフィ,たいようポケモン,26.5,0.9,エスパー,,シンクロ,,
0197-000,197,0,ブラッキー,,ブラッキー,げっこうポケモン,27.0,1.0,あく,,シンクロ,,
0198-000,198,0,ヤミカラス,,ヤミカラス,くらやみポケモン,2.1,0.5,あく,ひこう,ふみん,きょううん,
0199-000,199,0,ヤドキング,,ヤドキング,おうじゃポケモン,79.5,2.0,みず,エスパー,どんかん,マイペース,
0199-001,199,1,ヤドキング,ガラルのすがた,ヤドキング(ガラル),じゅじゅつしポケモン,79.5,1.8,どく,エスパー,きみょうなくすり,マイペース,
0200-000,200,0,ムウマ,,ムウマ,よなきポケモン,1.0,0.7,ゴースト,,ふゆう,,
0201-000,201,0,アンノーン,あるすがた,アンノーン,シンボルポケモン,5.0,0.5,エスパー,,ふゆう,,
0202-000,202,0,ソーナンス,,ソーナンス,がまんポケモン,28.5,1.3,エスパー,,かげふみ,,
0203-000,203,0,キリンリキ,,キリンリキ,くびながポケモン,41.5,1.5,ノーマル,エスパー,せいしんりょく,はやおき,
0204-000,204,0,クヌギダマ,,クヌギダマ,みのむしポケモン,7.2,0.6,むし,,がんじょう,,
0205-000,205,0,フォレトス,,フォレトス,みのむしポケモン,125.8,1.2,むし,はがね,がんじょう,,
0206-000,206,0,ノコッチ,,ノコッチ,つちへびポケモン,14.0,1.5,ノーマル,,てんのめぐみ,にげあし,
0207-000,207,0,グライガー,,グライガー,とびさそりポケモン,64.8,1.1,じめん,ひこう,かいりきバサミ,すながくれ,
0208-000,208,0,ハガネール,,ハガネール,てつへびポケモン,400.0,9.2,はがね,じめん,いしあたま,がんじょう,
0208-001,208,1,ハガネール,メガハガネール,メガハガネール,てつへびポケモン,740.0,10.5,はがね,じめん,すなのちから,,
0209-000,209,0,ブルー,,ブルー,ようせいポケモン,7.8,0.6,フェアリー,,いかく,にげあし,
0210-000,210,0,グランブル,,グランブル,ようせいポケモン,48.7,1.4,フェアリー,,いかく,はやあし,
0211-000,211,0,ハリーセン,,ハリーセン,ふうせんポケモン,3.9,0.5,みず,どく,どくのトゲ,すいすい,
0211-001,211,1,ハリーセン,ヒスイのすがた,ハリーセン(ヒスイ),ふうせんポケモン,3.9,0.5,あく,どく,どくのトゲ,すいすい,
0212-000,212,0,ハッサム,,ハッサム,はさみポケモン,118.0,1.8,むし,はがね,むしのしらせ,テクニシャン,
0212-001,212,1,ハッサム,メガハッサム,メガハッサム,はさみポケモン,125.0,2.0,むし,はがね,テクニシャン,,
0213-000,213,0,ツボツボ,,ツボツボ,はっこうポケモン,20.5,0.6,むし,いわ,がんじょう,くいしんぼう,
0214-000,214,0,ヘラクロス,,ヘラクロス,１ぽんヅノポケモン,54.0,1.5,むし,かくとう,むしのしらせ,こんじょう,
0214-001,214,1,ヘラクロス,メガヘラクロス,メガヘラクロス,１ぽんヅノポケモン,62.5,1.7,むし,かくとう,スキルリンク,,
0215-000,215,0,ニューラ,,ニューラ,かぎづめポケモン,28.0,0.9,あく,こおり,せいしんりょく,するどいめ,
0215-001,215,1,ニューラ,ヒスイのすがた,ニューラ(ヒスイ),かぎづめポケモン,27.0,0.9,かくとう,どく,せいしんりょく,するどいめ,
0216-000,216,0,ヒメグマ,,ヒメグマ,こぐまポケモン,8.8,0.6,ノーマル,,ものひろい,はやあし,
0217-000,217,0,リングマ,,リングマ,とうみんポケモン,125.8,1.8,ノーマル,,こんじょう,はやあし,
0218-000,218,0,マグマッグ,,マグマッグ,ようがんポケモン,35.0,0.7,ほのお,,マグマのよろい,ほのおのからだ,
0219-000,219,0,マグカルゴ,,マグカルゴ,ようがんポケモン,55.0,0.8,ほのお,いわ,マグマのよろい,ほのおのからだ,
0220-000,220,0,ウリムー,,ウリムー,いのぶたポケモン,6.5,0.4,こおり,じめん,どんかん,ゆきがくれ,
0221-000,221,0,イノムー,,イノムー,いのししポケモン,55.8,1.1,こおり,じめん,どんかん,ゆきがくれ,
0222-000,222,0,サニーゴ,,サニーゴ,さんごポケモン,5.0,0.6,みず,いわ,はりきり,しぜんかいふく,
0222-001,222,1,サニーゴ,ガラルのすがた,サニーゴ(ガラル),さんごポケモン,0.5,0.6,ゴースト,,くだけるよろい,,
0223-000,223,0,テッポウオ,,テッポウオ,ふんしゃポケモン,12.0,0.6,みず,,はりきり,スナイパー,
0224-000,224,0,オクタン,,オクタン,ふんしゃポケモン,28.5,0.9,みず,,きゅうばん,スナイパー,
0225-000,225,0,デリバード,,デリバード,はこびやポケモン,16.0,0.9,こおり,ひこう,やるき,はりきり,
0226-000,226,0,マンタイン,,マンタイン,カイトポケモン,220.0,2.1,みず,ひこう,すいすい,ちょすい,
0227-000,227,0,エアームド,,エアームド,よろいどりポケモン,50.5,1.7,はがね,ひこう,するどいめ,がんじょう,
0228-000,228,0,デルビル,,デルビル,ダークポケモン,10.8,0.6,あく,ほのお,はやおき,もらいび,
0229-000,229,0,ヘルガー,,ヘルガー,ダークポケモン,35.0,1.4,あく,ほのお,はやおき,もらいび,
0229-001,229,1,ヘルガー,メガヘルガー,メガヘルガー,ダークポケモン,49.5,1.9,あく,ほのお,サンパワー,,
0230-000,230,0,キングドラ,,キングドラ,ドラゴンポケモン,152.0,1.8,みず,ドラゴン,すいすい,スナイパー,
0231-000,231,0,ゴマゾウ,,ゴマゾウ,ながはなポケモン,33.5,0.5,じめん,,ものひろい,,
0232-000,232,0,ドンファン,,ドンファン,よろいポケモン,120.0,1.1,じめん,,がんじょう,,
0233-000,233,0,ポリゴン２,,ポリゴン２,バーチャルポケモン,32.5,0.6,ノーマル,,トレース,ダウンロード,
0234-000,234,0,オドシシ,,オドシシ,おおツノポケモン,71.2,1.4,ノーマル,,いかく,おみとおし,
0235-000,235,0,ドーブル,,ドーブル,えかきポケモン,58.0,1.2,ノーマル,,マイペース,テクニシャン,
0236-000,236,0,バルキー,,バルキー,けんかポケモン,21.0,0.7,かくとう,,こんじょう,ふくつのこころ,
0237-000,237,0,カポエラー,,カポエラー,さかだちポケモン,48.0,1.4,かくとう,,いかく,テクニシャン,
0238-000,238,0,ムチュール,,ムチュール,くちづけポケモン,6.0,0.4,こおり,エスパー,どんかん,よちむ,
0239-000,239,0,エレキッド,,エレキッド,でんきポケモン,23.5,0.6,でんき,,せいでんき,,
0240-000,240,0,ブビィ,,ブビィ,ひだねポケモン,21.4,0.7,ほのお,,ほのおのからだ,,
0241-000,241,0,ミルタンク,,ミルタンク,ちちうしポケモン,75.5,1.2,ノーマル,,あついしぼう,きもったま,
0242-000,242,0,ハピナス,,ハピナス,しあわせポケモン,46.8,1.5,ノーマル,,しぜんかいふく,てんのめぐみ,
0243-000,243,0,ライコウ,,ライコウ,いかずちポケモン,178.0,1.9,でんき,,プレッシャー,,
0244-000,244,0,エンテイ,,エンテイ,かざんポケモン,198.0,2.1,ほのお,,プレッシャー,,
0245-000,245,0,スイクン,,スイクン,オーロラポケモン,187.0,2.0,みず,,プレッシャー,,
0246-000,246,0,ヨーギラス,,ヨーギラス,いわはだポケモン,72.0,0.6,いわ,じめん,こんじょう,,
0247-000,247,0,サナギラス,,サナギラス,だんがんポケモン,152.0,1.2,いわ,じめん,だっぴ,,
0248-000,248,0,バンギラス,,バンギラス,よろいポケモン,202.0,2.0,いわ,あく,すなおこし,,
0248-001,248,1,バンギラス,メガバンギラス,メガバンギラス,よろいポケモン,255.0,2.5,いわ,あく,すなおこし,,
0249-000,249,0,ルギア,,ルギア,せんすいポケモン,216.0,5.2,エスパー,ひこう,プレッシャー,,
0250-000,250,0,ホウオウ,,ホウオウ,にじいろポケモン,199.0,3.8,ほのお,ひこう,プレッシャー,,
0251-000,251,0,セレビィ,,セレビィ,ときわたりポケモン,5.0,0.6,エスパー,くさ,しぜんかいふく,,
0252-000,252,0,キモリ,,キモリ,もりトカゲポケモン,5.0,0.5,くさ,,しんりょく,,
0253-000,253,0,ジュプトル,,ジュプトル,もりトカゲポケモン,21.6,0.9,くさ,,しんりょく,,
0254-000,254,0,ジュカイン,,ジュカイン,みつりんポケモン,52.2,1.7,くさ,,しんりょく,,
0254-001,254,1,ジュカイン,メガジュカイン,メガジュカイン,みつりんポケモン,55.2,1.9,くさ,ドラゴン,ひらいしん,,
0255-000,255,0,アチャモ,,アチャモ,ひよこポケモン,2.5,0.4,ほのお,,もうか,,
0256-000,256,0,ワカシャモ,,ワカシャモ,わかどりポケモン,19.5,0.9,ほのお,かくとう,もうか,,
0257-000,257,0,バシャーモ,,バシャーモ,もうかポケモン,52.0,1.9,ほのお,かくとう,もうか,,
0257-001,257,1,バシャーモ,メガバシャーモ,メガバシャーモ,もうかポケモン,52.0,1.9,ほのお,かくとう,かそく,,
0258-000,258,0,ミズゴロウ,,ミズゴロウ,ぬまうおポケモン,7.6,0.4,みず,,げきりゅう,,
0259-000,259,0,ヌマクロー,,ヌマクロー,ぬまうおポケモン,28.0,0.7,みず,じめん,げきりゅう,,
0260-000,260,0,ラグラージ,,ラグラージ,ぬまうおポケモン,81.9,1.5,みず,じめん,げきりゅう,,
0260-001,260,1,ラグラージ,メガラグラージ,メガラグラージ,ぬまうおポケモン,102.0,1.9,みず,じめん,すいすい,,
0261-000,261,0,ポチエナ,,ポチエナ,かみつきポケモン,13.6,0.5,あく,,にげあし,はやあし,
0262-000,262,0,グラエナ,,グラエナ,かみつきポケモン,37.0,1.0,あく,,いかく,はやあし,
0263-000,263,0,ジグザグマ,,ジグザグマ,まめだぬきポケモン,17.5,0.4,ノーマル,,ものひろい,くいしんぼう,
0263-001,263,1,ジグザグマ,ガラルのすがた,ジグザグマ(ガラル),まめだぬきポケモン,17.5,0.4,あく,ノーマル,ものひろい,くいしんぼう,
0264-000,264,0,マッスグマ,,マッスグマ,とっしんポケモン,32.5,0.5,ノーマル,,ものひろい,くいしんぼう,
0264-001,264,1,マッスグマ,ガラルのすがた,マッスグマ(ガラル),とっしんポケモン,32.5,0.5,あく,ノーマル,ものひろい,くいしんぼう,
0265-000,265,0,ケムッソ,,ケムッソ,いもむしポケモン,3.6,0.3,むし,,りんぷん,,
0266-000,266,0,カラサリス,,カラサリス,さなぎポケモン,10.0,0.6,むし,,だっぴ,,
0267-000,267,0,アゲハント,,アゲハント,ちょうちょポケモン,28.4,1.0,むし,ひこう,むしのしらせ,,
0268-000,268,0,マユルド,,マユルド,さなぎポケモン,11.5,0.7,むし,,だっぴ,,
0269-000,269,0,ドクケイル,,ドクケイル,どくがポケモン,31.6,1.2,むし,どく,りんぷん,,
0270-000,270,0,ハスボー,,ハスボー,うきくさポケモン,2.6,0.5,みず,くさ,すいすい,あめうけざら,
0271-000,271,0,ハスブレロ,,ハスブレロ,ようきポケモン,32.5,1.2,みず,くさ,すいすい,あめうけざら,
0272-000,272,0,ルンパッパ,,ルンパッパ,のうてんきポケモン,55.0,1.5,みず,くさ,すいすい,あめうけざら,
0273-000,273,0,タネボー,,タネボー,どんぐりポケモン,4.0,0.5,くさ,,ようりょくそ,はやおき,
0274-000,274,0,コノハナ,,コノハナ,いじわるポケモン,28.0,1.0,くさ,あく,ようりょくそ,はやおき,
0275-000,275,0,ダーテング,,ダーテング,よこしまポケモン,59.6,1.3,くさ,あく,ようりょくそ,かぜのり,
0276-000,276,0,スバメ,,スバメ,こツバメポケモン,2.3,0.3,ノーマル,ひこう,こんじょう,,
0277-000,277,0,オオスバメ,,オオスバメ,ツバメポケモン,19.8,0.7,ノーマル,ひこう,こんじょう,,
0278-000,278,0,キャモメ,,キャモメ,うみねこポケモン,9.5,0.6,みず,ひこう,するどいめ,うるおいボディ,
0279-000,279,0,ペリッパー,,ペリッパー,みずどりポケモン,28.0,1.2,みず,ひこう,するどいめ,あめふらし,
0280-000,280,0,ラルトス,,ラルトス,きもちポケモン,6.6,0.4,エスパー,フェアリー,シンクロ,トレース,
0281-000,281,0,キルリア,,キルリア,かんじょうポケモン,20.2,0.8,エスパー,フェアリー,シンクロ,トレース,
0282-000,282,0,サーナイト,,サーナイト,ほうようポケモン,48.4,1.6,エスパー,フェアリー,シンクロ,トレース,
0282-001,282,1,サーナイト,メガサーナイト,メガサーナイト,ほうようポケモン,48.4,1.6,エスパー,フェアリー,フェアリースキン,,
0283-000,283,0,アメタマ,,アメタマ,あめんぼポケモン,1.7,0.5,むし,みず,すいすい,,
0284-000,284,0,アメモース,,アメモース,めだまポケモン,3.6,0.8,むし,ひこう,いかく,,
0285-000,285,0,キノココ,,キノココ,きのこポケモン,4.5,0.4,くさ,,ほうし,ポイズンヒール,
0286-000,286,0,キノガッサ,,キノガッサ,きのこポケモン,39.2,1.2,くさ,かくとう,ほうし,ポイズンヒール,
0287-000,287,0,ナマケロ,,ナマケロ,なまけものポケモン,24.0,0.8,ノーマル,,なまけ,,
0288-000,288,0,ヤルキモノ,,ヤルキモノ,あばれザルポケモン,46.5,1.4,ノーマル,,やるき,,
0289-000,289,0,ケッキング,,ケッキング,ものぐさポケモン,130.5,2.0,ノーマル,,なまけ,,
0290-000,290,0,ツチニン,,ツチニン,したづみポケモン,5.5,0.5,むし,じめん,ふくがん,,
0291-000,291,0,テッカニン,,テッカニン,しのびポケモン,12.0,0.8,むし,ひこう,かそく,,
0292-000,292,0,ヌケニン,,ヌケニン,ぬけがらポケモン,1.2,0.8,むし,ゴースト,ふしぎなまもり,,
0293-000,293,0,ゴニョニョ,,ゴニョニョ,ささやきポケモン,16.3,0.6,ノーマル,,ぼうおん,,
0294-000,294,0,ドゴーム,,ドゴーム,おおごえポケモン,40.5,1.0,ノーマル,,ぼうおん,,
0295-000,295,0,バクオング,,バクオング,そうおんポケモン,84.0,1.5,ノーマル,,ぼうおん,,
0296-000,296,0,マクノシタ,,マクノシタ,こんじょうポケモン,86.4,1.0,かくとう,,あついしぼう,こんじょう,
0297-000,297,0,ハリテヤマ,,ハリテヤマ,つっぱりポケモン,253.8,2.3,かくとう,,あついしぼう,こんじょう,
0298-000,298,0,ルリリ,,ルリリ,みずたまポケモン,2.0,0.2,ノーマル,フェアリー,あついしぼう,ちからもち,
0299-000,299,0,ノズパス,,ノズパス,コンパスポケモン,97.0,1.0,いわ,,がんじょう,じりょく,
0300-000,300,0,エネコ,,エネコ,こねこポケモン,11.0,0.6,ノーマル,,メロメロボディ,ノーマルスキン,
0301-000,301,0,エネコロロ,,エネコロロ,おすましポケモン,32.6,1.1,ノーマル,,メロメロボディ,ノーマルスキン,
0302-000,302,0,ヤミラミ,,ヤミラミ,くらやみポケモン,11.0,0.5,あく,ゴースト,するどいめ,あとだし,
0302-001,302,1,ヤミラミ,メガヤミラミ,メガヤミラミ,くらやみポケモン,161.0,0.5,あく,ゴースト,マジックミラー,,
0303-000,303,0,クチート,,クチート,あざむきポケモン,11.5,0.6,はがね,フェアリー,かいりきバサミ,いかく,
0303-001,303,1,クチート,メガクチート,メガクチート,あざむきポケモン,23.5,1.0,はがね,フェアリー,ちからもち,,
0304-000,304,0,ココドラ,,ココドラ,てつヨロイポケモン,60.0,0.4,はがね,いわ,がんじょう,いしあたま,
0305-000,305,0,コドラ,,コドラ,てつヨロイポケモン,120.0,0.9,はがね,いわ,がんじょう,いしあたま,
0306-000,306,0,ボスゴドラ,,ボスゴドラ,てつヨロイポケモン,360.0,2.1,はがね,いわ,がんじょう,いしあたま,
0306-001,306,1,ボスゴドラ,メガボスゴドラ,メガボスゴドラ,てつヨロイポケモン,395.0,2.2,はがね,,フィルター,,
0307-000,307,0,アサナン,,アサナン,めいそうポケモン,11.2,0.6,かくとう,エスパー,ヨガパワー,,
0308-000,308,0,チャーレム,,チャーレム,めいそうポケモン,31.5,1.3,かくとう,エスパー,ヨガパワー,,
0308-001,308,1,チャーレム,メガチャーレム,メガチャーレム,めいそうポケモン,31.5,1.3,かくとう,エスパー,ヨガパワー,,
0309-000,309,0,ラクライ,,ラクライ,いなずまポケモン,15.2,0.6,でんき,,せいでんき,ひらいしん,
0310-000,310,0,ライボルト,,ライボルト,ほうでんポケモン,40.2,1.5,でんき,,せいでんき,ひらいしん,
0310-001,310,1,ライボルト,メガライボルト,メガライボルト,ほうでんポケモン,44.0,1.8,でんき,,いかく,,
0311-000,311,0,プラスル,,プラスル,おうえんポケモン,4.2,0.4,でんき,,プラス,,
0312-000,312,0,マイナン,,マイナン,おうえんポケモン,4.2,0.4,でんき,,マイナス,,
0313-000,313,0,バルビート,,バルビート,ほたるポケモン,17.7,0.7,むし,,はっこう,むしのしらせ,
0314-000,314,0,イルミーゼ,,イルミーゼ,ほたるポケモン,17.7,0.6,むし,,どんかん,いろめがね,
0315-000,315,0,ロゼリア,,ロゼリア,いばらポケモン,2.0,0.3,くさ,どく,しぜんかいふく,どくのトゲ,
0316-000,316,0,ゴクリン,,ゴクリン,いぶくろポケモン,10.3,0.4,どく,,ヘドロえき,ねんちゃく,
0317-000,317,0,マルノーム,,マルノーム,どくぶくろポケモン,80.0,1.7,どく,,ヘドロえき,ねんちゃく,
0318-000,318,0,キバニア,,キバニア,どうもうポケモン,20.8,0.8,みず,あく,さめはだ,,
0319-000,319,0,サメハダー,,サメハダー,きょうぼうポケモン,88.8,1.8,みず,あく,さめはだ,,
0319-001,319,1,サメハダー,メガサメハダー,メガサメハダー,きょうぼうポケモン,130.3,2.5,みず,あく,がんじょうあご,,
0320-000,320,0,ホエルコ,,ホエルコ,たまくじらポケモン,130.0,2.0,みず,,みずのベール,どんかん,
0321-000,321,0,ホエルオー,,ホエルオー,うきくじらポケモン,398.0,14.5,みず,,みずのベール,どんかん,
0322-000,322,0,ドンメル,,ドンメル,どんかんポケモン,24.0,0.7,ほのお,じめん,どんかん,たんじゅん,
0323-000,323,0,バクーダ,,バクーダ,ふんかポケモン,220.0,1.9,ほのお,じめん,マグマのよろい,ハードロック,
0323-001,323,1,バクーダ,メガバクーダ,メガバクーダ,ふんかポケモン,320.5,2.5,ほのお,じめん,ちからずく,,
0324-000,324,0,コータス,,コータス,せきたんポケモン,80.4,0.5,ほのお,,しろいけむり,ひでり,
0325-000,325,0,バネブー,,バネブー,とびはねポケモン,30.6,0.7,エスパー,,あついしぼう,マイペース,
0326-000,326,0,ブーピッグ,,ブーピッグ,あやつりポケモン,71.5,0.9,エスパー,,あついしぼう,マイペース,
0327-000,327,0,パッチール,,パッチール,ぶちパンダポケモン,5.0,1.1,ノーマル,,マイペース,ちどりあし,
0328-000,328,0,ナックラー,,ナックラー,ありじごくポケモン,15.0,0.7,じめん,,かいりきバサミ,ありじごく,
0329-000,329,0,ビブラーバ,,ビブラーバ,しんどうポケモン,15.3,1.1,じめん,ドラゴン,ふゆう,,
0330-000,330,0,フライゴン,,フライゴン,せいれいポケモン,82.0,2.0,じめん,ドラゴン,ふゆう,,
0331-000,331,0,サボネア,,サボネア,サボテンポケモン,51.3,0.4,くさ,,すながくれ,,
0332-000,332,0,ノクタス,,ノクタス,カカシぐさポケモン,77.4,1.3,くさ,あく,すながくれ,,
0333-000,333,0,チルット,,チルット,わたどりポケモン,1.2,0.4,ノーマル,ひこう,しぜんかいふく,,
0334-000,334,0,チルタリス,,チルタリス,ハミングポケモン,20.6,1.1,ドラゴン,ひこう,しぜんかいふく,,
0334-001,334,1,チルタリス,メガチルタリス,メガチルタリス,ハミングポケモン,20.6,1.5,ドラゴン,フェアリー,フェアリースキン,,
0335-000,335,0,ザングース,,ザングース,ネコイタチポケモン,40.3,1.3,ノーマル,,めんえき,,
0336-000,336,0,ハブネーク,,ハブネーク,キバへびポケモン,52.5,2.7,どく,,だっぴ,,
0337-000,337,0,ルナトーン,,ルナトーン,いんせきポケモン,168.0,1.0,いわ,エスパー,ふゆう,,
0338-000,338,0,ソルロック,,ソルロック,いんせきポケモン,154.0,1.2,いわ,エスパー,ふゆう,,
0339-000,339,0,ドジョッチ,,ドジョッチ,ひげうおポケモン,1.9,0.4,みず,じめん,どんかん,きけんよち,
0340-000,340,0,ナマズン,,ナマズン,ひげうおポケモン,23.6,0.9,みず,じめん,どんかん,きけんよち,
0341-000,341,0,ヘイガニ,,ヘイガニ,ごろつきポケモン,11.5,0.6,みず,,かいりきバサミ,シェルアーマー,
0342-000,342,0,シザリガー,,シザリガー,ならずものポケモン,32.8,1.1,みず,あく,かいりきバサミ,シェルアーマー,
0343-000,343,0,ヤジロン,,ヤジロン,どぐうポケモン,21.5,0.5,じめん,エスパー,ふゆう,,
0344-000,344,0,ネンドール,,ネンドール,どぐうポケモン,108.0,1.5,じめん,エスパー,ふゆう,,
0345-000,345,0,リリーラ,,リリーラ,ウミユリポケモン,23.8,1.0,いわ,くさ,きゅうばん,,
0346-000,346,0,ユレイドル,,ユレイドル,いわつぼポケモン,60.4,1.5,いわ,くさ,きゅうばん,,
0347-000,347,0,アノプス,,アノプス,むかしエビポケモン,12.5,0.7,いわ,むし,カブトアーマー,,
0348-000,348,0,アーマルド,,アーマルド,かっちゅうポケモン,68.2,1.5,いわ,むし,カブトアーマー,,
0349-000,349,0,ヒンバス,,ヒンバス,さかなポケモン,7.4,0.6,みず,,すいすい,どんかん,
0350-000,350,0,ミロカロス,,ミロカロス,いつくしみポケモン,162.0,6.2,みず,,ふしぎなうろこ,かちき,
0351-000,351,0,ポワルン,ポワルンのすがた,ポワルン,てんきポケモン,0.8,0.3,ノーマル,,てんきや,,
0352-000,352,0,カクレオン,,カクレオン,いろへんげポケモン,22.0,1.0,ノーマル,,へんしょく,,
0353-000,353,0,カゲボウズ,,カゲボウズ,にんぎょうポケモン,2.3,0.6,ゴースト,,ふみん,おみとおし,
0354-000,354,0,ジュペッタ,,ジュペッタ,ぬいぐるみポケモン,12.5,1.1,ゴースト,,ふみん,おみとおし,
0354-001,354,1,ジュペッタ,メガジュペッタ,メガジュペッタ,ぬいぐるみポケモン,13.0,1.2,ゴースト,,いたずらごころ,,
0355-000,355,0,ヨマワル,,ヨマワル,おむかえポケモン,15.0,0.8,ゴースト,,ふゆう,,
0356-000,356,0,サマヨール,,サマヨール,てまねきポケモン,30.6,1.6,ゴースト,,プレッシャー,,
0357-000,357,0,トロピウス,,トロピウス,フルーツポケモン,100.0,2.0,くさ,ひこう,ようりょくそ,サンパワー,
0358-000,358,0,チリーン,,チリーン,ふうりんポケモン,1.0,0.6,エスパー,,ふゆう,,
0359-000,359,0,アブソル,,アブソル,わざわいポケモン,47.0,1.2,あく,,プレッシャー,きょううん,
0359-001,359,1,アブソル,メガアブソル,メガアブソル,わざわいポケモン,49.0,1.2,あく,,マジックミラー,,
0360-000,360,0,ソーナノ,,ソーナノ,ほがらかポケモン,14.0,0.6,エスパー,,かげふみ,,
0361-000,361,0,ユキワラシ,,ユキワラシ,ゆきかさポケモン,16.8,0.7,こおり,,せいしんりょく,アイスボディ,
0362-000,362,0,オニゴーリ,,オニゴーリ,がんめんポケモン,256.5,1.5,こおり,,せいしんりょく,アイスボディ,
0362-001,362,1,オニゴーリ,メガオニゴーリ,メガオニゴーリ,がんめんポケモン,350.2,2.1,こおり,,フリーズスキン,,
0363-000,363,0,タマザラシ,,タマザラシ,てたたきポケモン,39.5,0.8,こおり,みず,あついしぼう,アイスボディ,
0364-000,364,0,トドグラー,,トドグラー,たままわしポケモン,87.6,1.1,こおり,みず,あついしぼう,アイスボディ,
0365-000,365,0,トドゼルガ,,トドゼルガ,こおりわりポケモン,150.6,1.4,こおり,みず,あついしぼう,アイスボディ,
0366-000,366,0,パールル,,パールル,２まいがいポケモン,52.5,0.4,みず,,シェルアーマー,,
0367-000,367,0,ハンテール,,ハンテール,しんかいポケモン,27.0,1.7,みず,,すいすい,,
0368-000,368,0,サクラビス,,サクラビス,なんかいポケモン,22.6,1.8,みず,,すいすい,,
0369-000,369,0,ジーランス,,ジーランス,ちょうじゅポケモン,23.4,1.0,みず,いわ,すいすい,いしあたま,
0370-000,370,0,ラブカス,,ラブカス,ランデブーポケモン,8.7,0.6,みず,,すいすい,,
0371-000,371,0,タツベイ,,タツベイ,いしあたまポケモン,42.1,0.6,ドラゴン,,いしあたま,,
0372-000,372,0,コモルー,,コモルー,にんたいポケモン,110.5,1.1,ドラゴン,,いしあたま,,
0373-000,373,0,ボーマンダ,,ボーマンダ,ドラゴンポケモン,102.6,1.5,ドラゴン,ひこう,いかく,,
0373-001,373,1,ボーマンダ,メガボーマンダ,メガボーマンダ,ドラゴンポケモン,112.6,1.8,ドラゴン,ひこう,スカイスキン,,
0374-000,374,0,ダンバル,,ダンバル,てっきゅうポケモン,95.2,0.6,はがね,エスパー,クリアボディ,,
0375-000,375,0,メタング,,メタング,てつツメポケモン,202.5,1.2,はがね,エスパー,クリアボディ,,
0376-000,376,0,メタグロス,,メタグロス,てつあしポケモン,550.0,1.6,はがね,エスパー,クリアボディ,,
0376-001,376,1,メタグロス,メガメタグロス,メガメタグロス,てつあしポケモン,942.9,2.5,はがね,エスパー,かたいツメ,,
0377-000,377,0,レジロック,,レジロック,いわやまポケモン,230.0,1.7,いわ,,クリアボディ,,
0378-000,378,0,レジアイス,,レジアイス,ひょうざんポケモン,175.0,1.8,こおり,,クリアボディ,,
0379-000,379,0,レジスチル,,レジスチル,くろがねポケモン,205.0,1.9,はがね,,クリアボディ,,
0380-000,380,0,ラティアス,,ラティアス,むげんポケモン,40.0,1.4,ドラゴン,エスパー,ふゆう,,
0380-001,380,1,ラティアス,メガラティアス,メガラティアス,むげんポケモン,52.0,1.8,ドラゴン,エスパー,ふゆう,,
0381-000,381,0,ラティオス,,ラティオス,むげんポケモン,60.0,2.0,ドラゴン,エスパー,ふゆう,,
0381-001,381,1,ラティオス,メガラティオス,メガラティオス,むげんポケモン,70.0,2.3,ドラゴン,エスパー,ふゆう,,
0382-000,382,0,カイオーガ,カイオーガのすがた,カイオーガ,かいていポケモン,352.0,4.5,みず,,あめふらし,,
0382-001,382,1,カイオーガ,ゲンシカイキのすがた,カイオーガ(ゲンシカイキ),かいていポケモン,430.0,9.8,みず,,はじまりのうみ,,
0383-000,383,0,グラードン,グラードンのすがた,グラードン,たいりくポケモン,950.0,3.5,じめん,,ひでり,,
0383-001,383,1,グラードン,ゲンシカイキのすがた,グラードン(ゲンシカイキ),たいりくポケモン,999.7,5.0,じめん,ほのお,おわりのだいち,,
0384-000,384,0,レックウザ,,レックウザ,てんくうポケモン,206.5,7.0,ドラゴン,ひこう,エアロック,,
0384-001,384,1,レックウザ,メガレックウザ,メガレックウザ,てんくうポケモン,392.0,10.8,ドラゴン,ひこう,デルタストリーム,,
0385-000,385,0,ジラーチ,,ジラーチ,ねがいごとポケモン,1.1,0.3,はがね,エスパー,てんのめぐみ,,
0386-000,386,0,デオキシス,ノーマルフォルム,デオキシス(ノーマル),ＤＮＡポケモン,60.8,1.7,エスパー,,プレッシャー,,
0386-001,386,1,デオキシス,アタックフォルム,デオキシス(アタック),ＤＮＡポケモン,60.8,1.7,エスパー,,プレッシャー,,
0386-002,386,2,デオキシス,ディフェンスフォルム,デオキシス(ディフェンス),ＤＮＡポケモン,60.8,1.7,エスパー,,プレッシャー,,
0386-003,386,3,デオキシス,スピードフォルム,デオキシス(スピード),ＤＮＡポケモン,60.8,1.7,エスパー,,プレッシャー,,
0387-000,387,0,ナエトル,,ナエトル,わかばポケモン,10.2,0.4,くさ,,しんりょく,,
0388-000,388,0,ハヤシガメ,,ハヤシガメ,こだちポケモン,97.0,1.1,くさ,,しんりょく,,
0389-000,389,0,ドダイトス,,ドダイトス,たいりくポケモン,310.0,2.2,くさ,じめん,しんりょく,,
0390-000,390,0,ヒコザル,,ヒコザル,こざるポケモン,6.2,0.5,ほのお,,もうか,,
0391-000,391,0,モウカザル,,モウカザル,やんちゃポケモン,22.0,0.9,ほのお,かくとう,もうか,,
0392-000,392,0,ゴウカザル,,ゴウカザル,かえんポケモン,55.0,1.2,ほのお,かくとう,もうか,,
0393-000,393,0,ポッチャマ,,ポッチャマ,ペンギンポケモン,5.2,0.4,みず,,げきりゅう,,
0394-000,394,0,ポッタイシ,,ポッタイシ,ペンギンポケモン,23.0,0.8,みず,,げきりゅう,,
0395-000,395,0,エンペルト,,エンペルト,こうていポケモン,84.5,1.7,みず,はがね,げきりゅう,,
0396-000,396,0,ムックル,,ムックル,むくどりポケモン,2.0,0.3,ノーマル,ひこう,するどいめ,,
0397-000,397,0,ムクバード,,ムクバード,むくどりポケモン,15.5,0.6,ノーマル,ひこう,いかく,,
0398-000,398,0,ムクホーク,,ムクホーク,もうきんポケモン,24.9,1.2,ノーマル,ひこう,いかく,,
0399-000,399,0,ビッパ,,ビッパ,まるねずみポケモン,20.0,0.5,ノーマル,,たんじゅん,てんねん,
0400-000,400,0,ビーダル,,ビーダル,ビーバーポケモン,31.5,1.0,ノーマル,みず,たんじゅん,てんねん,
0401-000,401,0,コロボーシ,,コロボーシ,こおろぎポケモン,2.2,0.3,むし,,だっぴ,,
0402-000,402,0,コロトック,,コロトック,こおろぎポケモン,25.5,1.0,むし,,むしのしらせ,,
0403-000,403,0,コリンク,,コリンク,せんこうポケモン,9.5,0.5,でんき,,とうそうしん,いかく,
0404-000,404,0,ルクシオ,,ルクシオ,でんこうポケモン,30.5,0.9,でんき,,とうそうしん,いかく,
0405-000,405,0,レントラー,,レントラー,がんこうポケモン,42.0,1.4,でんき,,とうそうしん,いかく,
0406-000,406,0,スボミー,,スボミー,つぼみポケモン,1.2,0.2,くさ,どく,しぜんかいふく,どくのトゲ,
0407-000,407,0,ロズレイド,,ロズレイド,ブーケポケモン,14.5,0.9,くさ,どく,しぜんかいふく,どくのトゲ,
0408-000,408,0,ズガイドス,,ズガイドス,ずつきポケモン,31.5,0.9,いわ,,かたやぶり,,
0409-000,409,0,ラムパルド,,ラムパルド,ずつきポケモン,102.5,1.6,いわ,,かたやぶり,,
0410-000,410,0,タテトプス,,タテトプス,シールドポケモン,57.0,0.5,いわ,はがね,がんじょう,,
0411-000,411,0,トリデプス,,トリデプス,シールドポケモン,149.5,1.3,いわ,はがね,がんじょう,,
0412-000,412,0,ミノムッチ,くさきのミノ,ミノムッチ(くさき),みのむしポケモン,3.4,0.2,むし,,だっぴ,,
0412-001,412,1,ミノムッチ,すなちのミノ,ミノムッチ(すなち),みのむしポケモン,3.4,0.2,むし,,だっぴ,,
0412-002,412,2,ミノムッチ,ゴミのミノ,ミノムッチ(ゴミ),みのむしポケモン,3.4,0.2,むし,,だっぴ,,
0413-000,413,0,ミノマダム,くさきのミノ,ミノマダム(くさき),みのむしポケモン,6.5,0.5,むし,くさ,きけんよち,,
0413-001,413,1,ミノマダム,すなちのミノ,ミノマダム(すなち),みのむしポケモン,6.5,0.5,むし,じめん,きけんよち,,
0413-002,413,2,ミノマダム,ゴミのミノ,ミノマダム(ゴミ),みのむしポケモン,6.5,0.5,むし,はがね,きけんよち,,
0414-000,414,0,ガーメイル,,ガーメイル,ミノガポケモン,23.3,0.9,むし,ひこう,むしのしらせ,,
0415-000,415,0,ミツハニー,,ミツハニー,はちのこポケモン,5.5,0.3,むし,ひこう,みつあつめ,,
0416-000,416,0,ビークイン,,ビークイン,はちのすポケモン,38.5,1.2,むし,ひこう,プレッシャー,,
0417-000,417,0,パチリス,,パチリス,でんきりすポケモン,3.9,0.4,でんき,,にげあし,ものひろい,
0418-000,418,0,ブイゼル,,ブイゼル,うみイタチポケモン,29.5,0.7,みず,,すいすい,,
0419-000,419,0,フローゼル,,フローゼル,うみイタチポケモン,33.5,1.1,みず,,すいすい,,
0420-000,420,0,チェリンボ,,チェリンボ,さくらんぼポケモン,3.3,0.4,くさ,,ようりょくそ,,
0421-000,421,0,チェリム,ネガフォルム,チェリム,サクラポケモン,9.3,0.5,くさ,,フラワーギフト,,
0422-000,422,0,カラナクシ,,カラナクシ,ウミウシポケモン,6.3,0.3,みず,,ねんちゃく,よびみず,
0423-000,423,0,トリトドン,,トリトドン,ウミウシポケモン,29.9,0.9,みず,じめん,ねんちゃく,よびみず,
0424-000,424,0,エテボース,,エテボース,おながポケモン,20.3,1.2,ノーマル,,テクニシャン,ものひろい,
0425-000,425,0,フワンテ,,フワンテ,ふうせんポケモン,1.2,0.4,ゴースト,ひこう,ゆうばく,かるわざ,
0426-000,426,0,フワライド,,フワライド,ききゅうポケモン,15.0,1.2,ゴースト,ひこう,ゆうばく,かるわざ,
0427-000,427,0,ミミロル,,ミミロル,うさぎポケモン,5.5,0.4,ノーマル,,にげあし,ぶきよう,
0428-000,428,0,ミミロップ,,ミミロップ,うさぎポケモン,33.3,1.2,ノーマル,,メロメロボディ,ぶきよう,
0428-001,428,1,ミミロップ,メガミミロップ,メガミミロップ,うさぎポケモン,28.3,1.3,ノーマル,かくとう,きもったま,,
0429-000,429,0,ムウマージ,,ムウマージ,マジカルポケモン,4.4,0.9,ゴースト,,ふゆう,,
0430-000,430,0,ドンカラス,,ドンカラス,おおボスポケモン,27.3,0.9,あく,ひこう,ふみん,きょううん,
0431-000,431,0,ニャルマー,,ニャルマー,ねこかぶりポケモン,3.9,0.5,ノーマル,,じゅうなん,マイペース,
0432-000,432,0,ブニャット,,ブニャット,とらねこポケモン,43.8,1.0,ノーマル,,あついしぼう,マイペース,
0433-000,433,0,リーシャン,,リーシャン,すずポケモン,0.6,0.2,エスパー,,ふゆう,,
0434-000,434,0,スカンプー,,スカンプー,スカンクポケモン,19.2,0.4,どく,あく,あくしゅう,ゆうばく,
0435-000,435,0,スカタンク,,スカタンク,スカンクポケモン,38.0,1.0,どく,あく,あくしゅう,ゆうばく,
0436-000,436,0,ドーミラー,,ドーミラー,せいどうポケモン,60.5,0.5,はがね,エスパー,ふゆう,たいねつ,
0437-000,437,0,ドータクン,,ドータクン,どうたくポケモン,187.0,1.3,はがね,エスパー,ふゆう,たいねつ,
0438-000,438,0,ウソハチ,,ウソハチ,ぼんさいポケモン,15.0,0.5,いわ,,がんじょう,いしあたま,
0439-000,439,0,マネネ,,マネネ,マイムポケモン,13.0,0.6,エスパー,フェアリー,ぼうおん,フィルター,
0440-000,440,0,ピンプク,,ピンプク,ままごとポケモン,24.4,0.6,ノーマル,,しぜんかいふく,てんのめぐみ,
0441-000,441,0,ペラップ,,ペラップ,おんぷポケモン,1.9,0.5,ノーマル,ひこう,するどいめ,ちどりあし,
0442-000,442,0,ミカルゲ,,ミカルゲ,ふういんポケモン,108.0,1.0,ゴースト,あく,プレッシャー,,
0443-000,443,0,フカマル,,フカマル,りくザメポケモン,20.5,0.7,ドラゴン,じめん,すながくれ,,
0444-000,444,0,ガバイト,,ガバイト,ほらあなポケモン,56.0,1.4,ドラゴン,じめん,すながくれ,,
0445-000,445,0,ガブリアス,,ガブリアス,マッハポケモン,95.0,1.9,ドラゴン,じめん,すながくれ,,
0445-001,445,1,ガブリアス,メガガブリアス,メガガブリアス,マッハポケモン,95.0,1.9,ドラゴン,じめん,すなのちから,,
0446-000,446,0,ゴンベ,,ゴンベ,おおぐいポケモン,105.0,0.6,ノーマル,,ものひろい,あついしぼう,
0447-000,447,0,リオル,,リオル,はもんポケモン,20.2,0.7,かくとう,,ふくつのこころ,せいしんりょく,
0448-000,448,0,ルカリオ,,ルカリオ,はどうポケモン,54.0,1.2,かくとう,はがね,ふくつのこころ,せいしんりょく,
0448-001,448,1,ルカリオ,メガルカリオ,メガルカリオ,はどうポケモン,57.5,1.3,かくとう,はがね,てきおうりょく,,
0449-000,449,0,ヒポポタス,,ヒポポタス,カバポケモン,49.5,0.8,じめん,,すなおこし,,
0450-000,450,0,カバルドン,,カバルドン,じゅうりょうポケモン,300.0,2.0,じめん,,すなおこし,,
0451-000,451,0,スコルピ,,スコルピ,さそりポケモン,12.0,0.8,どく,むし,カブトアーマー,スナイパー,
0452-000,452,0,ドラピオン,,ドラピオン,ばけさそりポケモン,61.5,1.3,どく,あく,カブトアーマー,スナイパー,
0453-000,453,0,グレッグル,,グレッグル,どくづきポケモン,23.0,0.7,どく,かくとう,きけんよち,かんそうはだ,
0454-000,454,0,ドクロッグ,,ドクロッグ,どくづきポケモン,44.4,1.3,どく,かくとう,きけんよち,かんそうはだ,
0455-000,455,0,マスキッパ,,マスキッパ,むしとりポケモン,27.0,1.4,くさ,,ふゆう,,
0456-000,456,0,ケイコウオ,,ケイコウオ,はねうおポケモン,7.0,0.4,みず,,すいすい,よびみず,
0457-000,457,0,ネオラント,,ネオラント,ネオンポケモン,24.0,1.2,みず,,すいすい,よびみず,
0458-000,458,0,タマンタ,,タマンタ,カイトポケモン,65.0,1.0,みず,ひこう,すいすい,ちょすい,
0459-000,459,0,ユキカブリ,,ユキカブリ,じゅひょうポケモン,50.5,1.0,くさ,こおり,ゆきふらし,,
0460-000,460,0,ユキノオー,,ユキノオー,じゅひょうポケモン,135.5,2.2,くさ,こおり,ゆきふらし,,
0460-001,460,1,ユキノオー,メガユキノオー,メガユキノオー,じゅひょうポケモン,185.0,2.7,くさ,こおり,ゆきふらし,,
0461-000,461,0,マニューラ,,マニューラ,かぎづめポケモン,34.0,1.1,あく,こおり,プレッシャー,,
0462-000,462,0,ジバコイル,,ジバコイル,じばポケモン,180.0,1.2,でんき,はがね,じりょく,がんじょう,
0463-000,463,0,ベロベルト,,ベロベルト,なめまわしポケモン,140.0,1.7,ノーマル,,マイペース,どんかん,
0464-000,464,0,ドサイドン,,ドサイドン,ドリルポケモン,282.8,2.4,じめん,いわ,ひらいしん,ハードロック,
0465-000,465,0,モジャンボ,,モジャンボ,ツルじょうポケモン,128.6,2.0,くさ,,ようりょくそ,リーフガード,
0466-000,466,0,エレキブル,,エレキブル,らいでんポケモン,138.6,1.8,でんき,,でんきエンジン,,
0467-000,467,0,ブーバーン,,ブーバーン,ばくえんポケモン,68.0,1.6,ほのお,,ほのおのからだ,,
0468-000,468,0,トゲキッス,,トゲキッス,しゅくふくポケモン,38.0,1.5,フェアリー,ひこう,はりきり,てんのめぐみ,
0469-000,469,0,メガヤンマ,,メガヤンマ,オニトンボポケモン,51.5,1.9,むし,ひこう,かそく,いろめがね,
0470-000,470,0,リーフィア,,リーフィア,しんりょくポケモン,25.5,1.0,くさ,,リーフガード,,
0471-000,471,0,グレイシア,,グレイシア,しんせつポケモン,25.9,0.8,こおり,,ゆきがくれ,,
0472-000,472,0,グライオン,,グライオン,キバさそりポケモン,42.5,2.0,じめん,ひこう,かいりきバサミ,すながくれ,
0473-000,473,0,マンムー,,マンムー,２ほんキバポケモン,291.0,2.5,こおり,じめん,どんかん,ゆきがくれ,
0474-000,474,0,ポリゴンＺ,,ポリゴンＺ,バーチャルポケモン,34.0,0.9,ノーマル,,てきおうりょく,ダウンロード,
0475-000,475,0,エルレイド,,エルレイド,やいばポケモン,52.0,1.6,エスパー,かくとう,ふくつのこころ,きれあじ,
0475-001,475,1,エルレイド,メガエルレイド,メガエルレイド,やいばポケモン,56.4,1.6,エスパー,かくとう,せいしんりょく,,
0476-000,476,0,ダイノーズ,,ダイノーズ,コンパスポケモン,340.0,1.4,いわ,はがね,がんじょう,じりょく,
0477-000,477,0,ヨノワール,,ヨノワール,てづかみポケモン,106.6,2.2,ゴースト,,プレッシャー,,
0478-000,478,0,ユキメノコ,,ユキメノコ,ゆきぐにポケモン,26.6,1.3,こおり,ゴースト,ゆきがくれ,,
0479-000,479,0,ロトム,ロトムのすがた,ロトム,プラズマポケモン,0.3,0.3,でんき,ゴースト,ふゆう,,
0479-001,479,1,ロトム,ヒートロトム,ヒートロトム,プラズマポケモン,0.3,0.3,でんき,ほのお,ふゆう,,
0479-002,479,2,ロトム,ウォッシュロトム,ウォッシュロトム,プラズマポケモン,0.3,0.3,でんき,みず,ふゆう,,
0479-003,479,3,ロトム,フロストロトム,フロストロトム,プラズマポケモン,0.3,0.3,でんき,こおり,ふゆう,,
0479-004,479,4,ロトム,スピンロトム,スピンロトム,プラズマポケモン,0.3,0.3,でんき,ひこう,ふゆう,,
0479-005,479,5,ロトム,カットロトム,カットロトム,プラズマポケモン,0.3,0.3,でんき,くさ,ふゆう,,
0480-000,480,0,ユクシー,,ユクシー,ちしきポケモン,0.3,0.3,エスパー,,ふゆう,,
0481-000,481,0,エムリット,,エムリット,かんじょうポケモン,0.3,0.3,エスパー,,ふゆう,,
0482-000,482,0,アグノム,,アグノム,いしポケモン,0.3,0.3,エスパー,,ふゆう,,
0483-000,483,0,ディアルガ,,ディアルガ,じかんポケモン,683.0,5.4,はがね,ドラゴン,プレッシャー,,
0483-001,483,1,ディアルガ,オリジンフォルム,ディアルガ(オリジン),じかんポケモン,850.0,7.0,はがね,ドラゴン,プレッシャー,,
0484-000,484,0,パルキア,,パルキア,くうかんポケモン,336.0,4.2,みず,ドラゴン,プレッシャー,,
0484-001,484,1,パルキア,オリジンフォルム,パルキア(オリジン),くうかんポケモン,660.0,6.3,みず,ドラゴン,プレッシャー,,
0485-000,485,0,ヒードラン,,ヒードラン,かこうポケモン,430.0,1.7,ほのお,はがね,もらいび,,
0486-000,486,0,レジギガス,,レジギガス,きょだいポケモン,420.0,3.7,ノーマル,,スロースタート,,
0487-000,487,0,ギラティナ,アナザーフォルム,ギラティナ(アナザー),はんこつポケモン,750.0,4.5,ゴースト,ドラゴン,プレッシャー,,
0487-001,487,1,ギラティナ,オリジンフォルム,ギラティナ(オリジン),はんこつポケモン,650.0,6.9,ゴースト,ドラゴン,ふゆう,,
0488-000,488,0,クレセリア,,クレセリア,みかづきポケモン,85.6,1.5,エスパー,,ふゆう,,
0489-000,489,0,フィオネ,,フィオネ,かいようポケモン,3.1,0.4,みず,,うるおいボディ,,
0490-000,490,0,マナフィ,,マナフィ,かいゆうポケモン,1.4,0.3,みず,,うるおいボディ,,
0491-000,491,0,ダークライ,,ダークライ,あんこくポケモン,50.5,1.5,あく,,ナイトメア,,
0492-000,492,0,シェイミ,ランドフォルム,シェイミ(ランド),かんしゃポケモン,2.1,0.2,くさ,,しぜんかいふく,,
0492-001,492,1,シェイミ,スカイフォルム,シェイミ(スカイ),かんしゃポケモン,5.2,0.4,くさ,ひこう,てんのめぐみ,,
0493-000,493,0,アルセウス,アルセウスのすがた,アルセウス,そうぞうポケモン,320.0,3.2,ノーマル,,マルチタイプ,,
0494-000,494,0,ビクティニ,,ビクティニ,しょうりポケモン,4.0,0.4,エスパー,ほのお,しょうりのほし,,
0495-000,495,0,ツタージャ,,ツタージャ,くさへびポケモン,8.1,0.6,くさ,,しんりょく,,
0496-000,496,0,ジャノビー,,ジャノビー,くさへびポケモン,16.0,0.8,くさ,,しんりょく,,
0497-000,497,0,ジャローダ,,ジャローダ,ロイヤルポケモン,63.0,3.3,くさ,,しんりょく,,
0498-000,498,0,ポカブ,,ポカブ,ひぶたポケモン,9.9,0.5,ほのお,,もうか,,
0499-000,499,0,チャオブー,,チャオブー,ひぶたポケモン,55.5,1.0,ほのお,かくとう,もうか,,
0500-000,500,0,エンブオー,,エンブオー,おおひぶたポケモン,150.0,1.6,ほのお,かくとう,もうか,,
0501-000,501,0,ミジュマル,,ミジュマル,ラッコポケモン,5.9,0.5,みず,,げきりゅう,,
0502-000,502,0,フタチマル,,フタチマル,しゅぎょうポケモン,24.5,0.8,みず,,げきりゅう,,
0503-000,503,0,ダイケンキ,,ダイケンキ,かんろくポケモン,94.6,1.5,みず,,げきりゅう,,
0503-001,503,1,ダイケンキ,ヒスイのすがた,ダイケンキ(ヒスイ),かんろくポケモン,58.2,1.5,みず,あく,げきりゅう,,
0504-000,504,0,ミネズミ,,ミネズミ,みはりポケモン,11.6,0.5,ノーマル,,にげあし,するどいめ,
0505-000,505,0,ミルホッグ,,ミルホッグ,けいかいポケモン,27.0,1.1,ノーマル,,はっこう,するどいめ,
0506-000,506,0,ヨーテリー,,ヨーテリー,こいぬポケモン,4.1,0.4,ノーマル,,やるき,ものひろい,
0507-000,507,0,ハーデリア,,ハーデリア,ちゅうけんポケモン,14.7,0.9,ノーマル,,いかく,すなかき,
0508-000,508,0,ムーランド,,ムーランド,かんだいポケモン,61.0,1.2,ノーマル,,いかく,すなかき,
0509-000,509,0,チョロネコ,,チョロネコ,しょうわるポケモン,10.1,0.4,あく,,じゅうなん,かるわざ,
0510-000,510,0,レパルダス,,レパルダス,れいこくポケモン,37.5,1.1,あく,,じゅうなん,かるわざ,
0511-000,511,0,ヤナップ,,ヤナップ,くさざるポケモン,10.5,0.6,くさ,,くいしんぼう,,
0512-000,512,0,ヤナッキー,,ヤナッキー,とげざるポケモン,30.5,1.1,くさ,,くいしんぼう,,
0513-000,513,0,バオップ,,バオップ,こうおんポケモン,11.0,0.6,ほのお,,くいしんぼう,,
0514-000,514,0,バオッキー,,バオッキー,ひのこポケモン,28.0,1.0,ほのお,,くいしんぼう,,
0515-000,515,0,ヒヤップ,,ヒヤップ,みずかけポケモン,13.5,0.6,みず,,くいしんぼう,,
0516-000,516,0,ヒヤッキー,,ヒヤッキー,ほうすいポケモン,29.0,1.0,みず,,くいしんぼう,,
0517-000,517,0,ムンナ,,ムンナ,ゆめくいポケモン,23.3,0.6,エスパー,,よちむ,シンクロ,
0518-000,518,0,ムシャーナ,,ムシャーナ,ゆめうつつポケモン,60.5,1.1,エスパー,,よちむ,シンクロ,
0519-000,519,0,マメパト,,マメパト,こばとポケモン,2.1,0.3,ノーマル,ひこう,はとむね,きょううん,
0520-000,520,0,ハトーボー,,ハトーボー,のばとポケモン,15.0,0.6,ノーマル,ひこう,はとむね,きょううん,
0521-000,521,0,ケンホロウ,,ケンホロウ,プライドポケモン,29.0,1.2,ノーマル,ひこう,はとむね,きょううん,
0522-000,522,0,シママ,,シママ,たいでんポケモン,29.8,0.8,でんき,,ひらいしん,でんきエンジン,
0523-000,523,0,ゼブライカ,,ゼブライカ,らいでんポケモン,79.5,1.6,でんき,,ひらいしん,でんきエンジン,
0524-000,524,0,ダンゴロ,,ダンゴロ,マントルポケモン,18.0,0.4,いわ,,がんじょう,くだけるよろい,
0525-000,525,0,ガントル,,ガントル,こうせきポケモン,102.0,0.9,いわ,,がんじょう,くだけるよろい,
0526-000,526,0,ギガイアス,,ギガイアス,こうあつポケモン,260.0,1.7,いわ,,がんじょう,すなおこし,
0527-000,527,0,コロモリ,,コロモリ,こうもりポケモン,2.1,0.4,エスパー,ひこう,てんねん,ぶきよう,
0528-000,528,0,ココロモリ,,ココロモリ,きゅうあいポケモン,10.5,0.9,エスパー,ひこう,てんねん,ぶきよう,
0529-000,529,0,モグリュー,,モグリュー,もぐらポケモン,8.5,0.3,じめん,,すなかき,すなのちから,
0530-000,530,0,ドリュウズ,,ドリュウズ,ちていポケモン,40.4,0.7,じめん,はがね,すなかき,すなのちから,
0531-000,531,0,タブンネ,,タブンネ,ヒヤリングポケモン,31.0,1.1,ノーマル,,いやしのこころ,さいせいりょく,
0531-001,531,1,タブンネ,メガタブンネ,メガタブンネ,ヒヤリングポケモン,32.0,1.5,ノーマル,フェアリー,いやしのこころ,,
0532-000,532,0,ドッコラー,,ドッコラー,きんこつポケモン,12.5,0.6,かくとう,,こんじょう,ちからずく,
0533-000,533,0,ドテッコツ,,ドテッコツ,きんこつポケモン,40.0,1.2,かくとう,,こんじょう,ちからずく,
0534-000,534,0,ローブシン,,ローブシン,きんこつポケモン,87.0,1.4,かくとう,,こんじょう,ちからずく,
0535-000,535,0,オタマロ,,オタマロ,おたまポケモン,4.5,0.5,みず,,すいすい,うるおいボディ,
0536-000,536,0,ガマガル,,ガマガル,しんどうポケモン,17.0,0.8,みず,じめん,すいすい,うるおいボディ,
0537-000,537,0,ガマゲロゲ,,ガマゲロゲ,しんどうポケモン,62.0,1.5,みず,じめん,すいすい,どくしゅ,
0538-000,538,0,ナゲキ,,ナゲキ,じゅうどうポケモン,55.5,1.3,かくとう,,こんじょう,せいしんりょく,
0539-000,539,0,ダゲキ,,ダゲキ,からてポケモン,51.0,1.4,かくとう,,がんじょう,せいしんりょく,
0540-000,540,0,クルミル,,クルミル,さいほうポケモン,2.5,0.3,むし,くさ,むしのしらせ,ようりょくそ,
0541-000,541,0,クルマユ,,クルマユ,はごもりポケモン,7.3,0.5,むし,くさ,リーフガード,ようりょくそ,
0542-000,542,0,ハハコモリ,,ハハコモリ,こそだてポケモン,20.5,1.2,むし,くさ,むしのしらせ,ようりょくそ,
0543-000,543,0,フシデ,,フシデ,ムカデポケモン,5.3,0.4,むし,どく,どくのトゲ,むしのしらせ,
0544-000,544,0,ホイーガ,,ホイーガ,まゆムカデポケモン,58.5,1.2,むし,どく,どくのトゲ,むしのしらせ,
0545-000,545,0,ペンドラー,,ペンドラー,メガムカデポケモン,200.5,2.5,むし,どく,どくのトゲ,むしのしらせ,
0546-000,546,0,モンメン,,モンメン,わたたまポケモン,0.6,0.3,くさ,フェアリー,いたずらごころ,すりぬけ,
0547-000,547,0,エルフーン,,エルフーン,かぜかくれポケモン,6.6,0.7,くさ,フェアリー,いたずらごころ,すりぬけ,
0548-000,548,0,チュリネ,,チュリネ,ねっこポケモン,6.6,0.5,くさ,,ようりょくそ,マイペース,
0549-000,549,0,ドレディア,,ドレディア,はなかざりポケモン,16.3,1.1,くさ,,ようりょくそ,マイペース,
0549-001,549,1,ドレディア,ヒスイのすがた,ドレディア(ヒスイ),スピンポケモン,19.2,1.2,くさ,かくとう,ようりょくそ,はりきり,
0550-000,550,0,バスラオ,あかすじのすがた,バスラオ(あか),らんぼうポケモン,18.0,1.0,みず,,すてみ,てきおうりょく,
0550-001,550,1,バスラオ,あおすじのすがた,バスラオ(あお),らんぼうポケモン,18.0,1.0,みず,,いしあたま,てきおうりょく,
0550-002,550,2,バスラオ,しろすじのすがた,バスラオ(しろ),おんこうポケモン,18.0,1.0,みず,,びびり,てきおうりょく,
0551-000,551,0,メグロコ,,メグロコ,さばくワニポケモン,15.2,0.7,じめん,あく,いかく,じしんかじょう,
0552-000,552,0,ワルビル,,ワルビル,さばくワニポケモン,33.4,1.0,じめん,あく,いかく,じしんかじょう,
0553-000,553,0,ワルビアル,,ワルビアル,いかくポケモン,96.3,1.5,じめん,あく,いかく,じしんかじょう,
0554-000,554,0,ダルマッカ,,ダルマッカ,だるまポケモン,37.5,0.6,ほのお,,はりきり,,
0554-001,554,1,ダルマッカ,ガラルのすがた,ダルマッカ(ガラル),だるまポケモン,40.0,0.7,こおり,,はりきり,,
0555-000,555,0,ヒヒダルマ,ノーマルモード,ヒヒダルマ(ノーマル),えんじょうポケモン,92.9,1.3,ほのお,,ちからずく,,
0555-001,555,1,ヒヒダルマ,ダルマモード,ヒヒダルマ(ダルマ),えんじょうポケモン,92.9,1.3,ほのお,エスパー,ダルマモード,,
0555-002,555,2,ヒヒダルマ,ガラルのすがた,ヒヒダルマ(ガラル),だるまポケモン,120.0,1.7,こおり,,ごりむちゅう,,
0556-000,556,0,マラカッチ,,マラカッチ,サボテンポケモン,28.0,1.0,くさ,,ちょすい,ようりょくそ,
0557-000,557,0,イシズマイ,,イシズマイ,いしやどポケモン,14.5,0.3,むし,いわ,がんじょう,シェルアーマー,
0558-000,558,0,イワパレス,,イワパレス,いわやどポケモン,200.0,1.4,むし,いわ,がんじょう,シェルアーマー,
0559-000,559,0,ズルッグ,,ズルッグ,だっぴポケモン,11.8,0.6,あく,かくとう,だっぴ,じしんかじょう,
0560-000,560,0,ズルズキン,,ズルズキン,あくとうポケモン,30.0,1.1,あく,かくとう,だっぴ,じしんかじょう,
0561-000,561,0,シンボラー,,シンボラー,とりもどきポケモン,14.0,1.4,エスパー,ひこう,ミラクルスキン,マジックガード,
0562-000,562,0,デスマス,,デスマス,たましいポケモン,1.5,0.5,ゴースト,,ミイラ,,
0562-001,562,1,デスマス,ガラルのすがた,デスマス(ガラル),たましいポケモン,1.5,0.5,じめん,ゴースト,さまようたましい,,
0563-000,563,0,デスカーン,,デスカーン,かんおけポケモン,76.5,1.7,ゴースト,,ミイラ,,
0564-000,564,0,プロトーガ,,プロトーガ,こだいがめポケモン,16.5,0.7,みず,いわ,ハードロック,がんじょう,
0565-000,565,0,アバゴーラ,,アバゴーラ,こだいがめポケモン,81.0,1.2,みず,いわ,ハードロック,がんじょう,
0566-000,566,0,アーケン,,アーケン,さいこどりポケモン,9.5,0.5,いわ,ひこう,よわき,,
0567-000,567,0,アーケオス,,アーケオス,さいこどりポケモン,32.0,1.4,いわ,ひこう,よわき,,
0568-000,568,0,ヤブクロン,,ヤブクロン,ゴミぶくろポケモン,31.0,0.6,どく,,あくしゅう,ねんちゃく,
0569-000,569,0,ダストダス,,ダストダス,ゴミすてばポケモン,107.3,1.9,どく,,あくしゅう,くだけるよろい,
0569-999,569,999,ダストダス,キョダイマックス,ダストダス(キョダイ),-,"9,999.9",21.0,どく,,あくしゅう,くだけるよろい,
0570-000,570,0,ゾロア,,ゾロア,わるぎつねポケモン,12.5,0.7,あく,,イリュージョン,,
0570-001,570,1,ゾロア,ヒスイのすがた,ゾロア(ヒスイ),うらみぎつねポケモン,12.5,0.7,ノーマル,ゴースト,イリュージョン,,
0571-000,571,0,ゾロアーク,,ゾロアーク,ばけぎつねポケモン,81.1,1.6,あく,,イリュージョン,,
0571-001,571,1,ゾロアーク,ヒスイのすがた,ゾロアーク(ヒスイ),のろいぎつねポケモン,73.0,1.6,ノーマル,ゴースト,イリュージョン,,
0572-000,572,0,チラーミィ,,チラーミィ,チンチラポケモン,5.8,0.4,ノーマル,,メロメロボディ,テクニシャン,
0573-000,573,0,チラチーノ,,チラチーノ,スカーフポケモン,7.5,0.5,ノーマル,,メロメロボディ,テクニシャン,
0574-000,574,0,ゴチム,,ゴチム,ぎょうしポケモン,5.8,0.4,エスパー,,おみとおし,かちき,
0575-000,575,0,ゴチミル,,ゴチミル,あやつりポケモン,18.0,0.7,エスパー,,おみとおし,かちき,
0576-000,576,0,ゴチルゼル,,ゴチルゼル,てんたいポケモン,44.0,1.5,エスパー,,おみとおし,かちき,
0577-000,577,0,ユニラン,,ユニラン,さいぼうポケモン,1.0,0.3,エスパー,,ぼうじん,マジックガード,
0578-000,578,0,ダブラン,,ダブラン,ぶんかつポケモン,8.0,0.6,エスパー,,ぼうじん,マジックガード,
0579-000,579,0,ランクルス,,ランクルス,ぞうふくポケモン,20.1,1.0,エスパー,,ぼうじん,マジックガード,
0580-000,580,0,コアルヒー,,コアルヒー,みずどりポケモン,5.5,0.5,みず,ひこう,するどいめ,はとむね,
0581-000,581,0,スワンナ,,スワンナ,しらとりポケモン,24.2,1.3,みず,ひこう,するどいめ,はとむね,
0582-000,582,0,バニプッチ,,バニプッチ,しんせつポケモン,5.7,0.4,こおり,,アイスボディ,ゆきがくれ,
0583-000,583,0,バニリッチ,,バニリッチ,ひょうせつポケモン,41.0,1.1,こおり,,アイスボディ,ゆきがくれ,
0584-000,584,0,バイバニラ,,バイバニラ,ブリザードポケモン,57.5,1.3,こおり,,アイスボディ,ゆきふらし,
0585-000,585,0,シキジカ,,シキジカ,きせつポケモン,19.5,0.6,ノーマル,くさ,ようりょくそ,そうしょく,
0586-000,586,0,メブキジカ,,メブキジカ,きせつポケモン,92.5,1.9,ノーマル,くさ,ようりょくそ,そうしょく,
0587-000,587,0,エモンガ,,エモンガ,モモンガポケモン,5.0,0.4,でんき,ひこう,せいでんき,,
0588-000,588,0,カブルモ,,カブルモ,かぶりつきポケモン,5.9,0.5,むし,,むしのしらせ,だっぴ,
0589-000,589,0,シュバルゴ,,シュバルゴ,きへいポケモン,33.0,1.0,むし,はがね,むしのしらせ,シェルアーマー,
0590-000,590,0,タマゲタケ,,タマゲタケ,きのこポケモン,1.0,0.2,くさ,どく,ほうし,,
0591-000,591,0,モロバレル,,モロバレル,きのこポケモン,10.5,0.6,くさ,どく,ほうし,,
0592-000,592,0,プルリル,,プルリル,ふゆうポケモン,33.0,1.2,みず,ゴースト,ちょすい,のろわれボディ,
0593-000,593,0,ブルンゲル,,ブルンゲル,ふゆうポケモン,135.0,2.2,みず,ゴースト,ちょすい,のろわれボディ,
0594-000,594,0,ママンボウ,,ママンボウ,かいほうポケモン,31.6,1.2,みず,,いやしのこころ,うるおいボディ,
0595-000,595,0,バチュル,,バチュル,くっつきポケモン,0.6,0.1,むし,でんき,ふくがん,きんちょうかん,
0596-000,596,0,デンチュラ,,デンチュラ,でんきグモポケモン,14.3,0.8,むし,でんき,ふくがん,きんちょうかん,
0597-000,597,0,テッシード,,テッシード,とげのみポケモン,18.8,0.6,くさ,はがね,てつのトゲ,,
0598-000,598,0,ナットレイ,,ナットレイ,とげだまポケモン,110.0,1.0,くさ,はがね,てつのトゲ,,
0599-000,599,0,ギアル,,ギアル,はぐるまポケモン,21.0,0.3,はがね,,プラス,マイナス,
0600-000,600,0,ギギアル,,ギギアル,はぐるまポケモン,51.0,0.6,はがね,,プラス,マイナス,
0601-000,601,0,ギギギアル,,ギギギアル,はぐるまポケモン,81.0,0.6,はがね,,プラス,マイナス,
0602-000,602,0,シビシラス,,シビシラス,でんきうおポケモン,0.3,0.2,でんき,,ふゆう,,
0603-000,603,0,シビビール,,シビビール,でんきうおポケモン,22.0,1.2,でんき,,ふゆう,,
0604-000,604,0,シビルドン,,シビルドン,でんきうおポケモン,80.5,2.1,でんき,,ふゆう,,
0605-000,605,0,リグレー,,リグレー,ブレインポケモン,9.0,0.5,エスパー,,テレパシー,シンクロ,
0606-000,606,0,オーベム,,オーベム,ブレインポケモン,34.5,1.0,エスパー,,テレパシー,シンクロ,
0607-000,607,0,ヒトモシ,,ヒトモシ,ろうそくポケモン,3.1,0.3,ゴースト,ほのお,もらいび,ほのおのからだ,
0608-000,608,0,ランプラー,,ランプラー,ランプポケモン,13.0,0.6,ゴースト,ほのお,もらいび,ほのおのからだ,
0609-000,609,0,シャンデラ,,シャンデラ,いざないポケモン,34.3,1.0,ゴースト,ほのお,もらいび,ほのおのからだ,
0610-000,610,0,キバゴ,,キバゴ,キバポケモン,18.0,0.6,ドラゴン,,とうそうしん,かたやぶり,
0611-000,611,0,オノンド,,オノンド,あごオノポケモン,36.0,1.0,ドラゴン,,とうそうしん,かたやぶり,
0612-000,612,0,オノノクス,,オノノクス,あごオノポケモン,105.5,1.8,ドラゴン,,とうそうしん,かたやぶり,
0613-000,613,0,クマシュン,,クマシュン,ひょうけつポケモン,8.5,0.5,こおり,,ゆきがくれ,ゆきかき,
0614-000,614,0,ツンベアー,,ツンベアー,とうけつポケモン,260.0,2.6,こおり,,ゆきがくれ,ゆきかき,
0615-000,615,0,フリージオ,,フリージオ,けっしょうポケモン,148.0,1.1,こおり,,ふゆう,,
0616-000,616,0,チョボマキ,,チョボマキ,マイマイポケモン,7.7,0.4,むし,,うるおいボディ,シェルアーマー,
0617-000,617,0,アギルダー,,アギルダー,からぬけポケモン,25.3,0.8,むし,,うるおいボディ,ねんちゃく,
0618-000,618,0,マッギョ,,マッギョ,トラップポケモン,11.0,0.7,じめん,でんき,せいでんき,じゅうなん,
0618-001,618,1,マッギョ,ガラルのすがた,マッギョ(ガラル),トラップポケモン,20.5,0.7,じめん,はがね,ぎたい,,
0619-000,619,0,コジョフー,,コジョフー,ぶじゅつポケモン,20.0,0.9,かくとう,,せいしんりょく,さいせいりょく,
0620-000,620,0,コジョンド,,コジョンド,ぶじゅつポケモン,35.5,1.4,かくとう,,せいしんりょく,さいせいりょく,
0621-000,621,0,クリムガン,,クリムガン,ほらあなポケモン,139.0,1.6,ドラゴン,,さめはだ,ちからずく,
0622-000,622,0,ゴビット,,ゴビット,ゴーレムポケモン,92.0,1.0,じめん,ゴースト,てつのこぶし,ぶきよう,
0623-000,623,0,ゴルーグ,,ゴルーグ,ゴーレムポケモン,330.0,2.8,じめん,ゴースト,てつのこぶし,ぶきよう,
0624-000,624,0,コマタナ,,コマタナ,はものポケモン,10.2,0.5,あく,はがね,まけんき,せいしんりょく,
0625-000,625,0,キリキザン,,キリキザン,とうじんポケモン,70.0,1.6,あく,はがね,まけんき,せいしんりょく,
0626-000,626,0,バッフロン,,バッフロン,ずつきうしポケモン,94.6,1.6,ノーマル,,すてみ,そうしょく,
0627-000,627,0,ワシボン,,ワシボン,ヒナわしポケモン,10.5,0.5,ノーマル,ひこう,するどいめ,ちからずく,
0628-000,628,0,ウォーグル,,ウォーグル,ゆうもうポケモン,41.0,1.5,ノーマル,ひこう,するどいめ,ちからずく,
0628-001,628,1,ウォーグル,ヒスイのすがた,ウォーグル(ヒスイ),おたけびポケモン,43.4,1.7,エスパー,ひこう,するどいめ,ちからずく,
0629-000,629,0,バルチャイ,,バルチャイ,おむつポケモン,9.0,0.5,あく,ひこう,はとむね,ぼうじん,
0630-000,630,0,バルジーナ,,バルジーナ,ほねわしポケモン,39.5,1.2,あく,ひこう,はとむね,ぼうじん,
0631-000,631,0,クイタラン,,クイタラン,アリクイポケモン,58.0,1.4,ほのお,,くいしんぼう,もらいび,
0632-000,632,0,アイアント,,アイアント,てつアリポケモン,33.0,0.3,むし,はがね,むしのしらせ,はりきり,
0633-000,633,0,モノズ,,モノズ,そぼうポケモン,17.3,0.8,あく,ドラゴン,はりきり,,
0634-000,634,0,ジヘッド,,ジヘッド,らんぼうポケモン,50.0,1.4,あく,ドラゴン,はりきり,,
0635-000,635,0,サザンドラ,,サザンドラ,きょうぼうポケモン,160.0,1.8,あく,ドラゴン,ふゆう,,
0636-000,636,0,メラルバ,,メラルバ,たいまつポケモン,28.8,1.1,むし,ほのお,ほのおのからだ,,
0637-000,637,0,ウルガモス,,ウルガモス,たいようポケモン,46.0,1.6,むし,ほのお,ほのおのからだ,,
0638-000,638,0,コバルオン,,コバルオン,てっしんポケモン,250.0,2.1,はがね,かくとう,せいぎのこころ,,
0639-000,639,0,テラキオン,,テラキオン,がんくつポケモン,260.0,1.9,いわ,かくとう,せいぎのこころ,,
0640-000,640,0,ビリジオン,,ビリジオン,そうげんポケモン,200.0,2.0,くさ,かくとう,せいぎのこころ,,
0641-000,641,0,トルネロス,けしんフォルム,トルネロス(けしん),せんぷうポケモン,63.0,1.5,ひこう,,いたずらごころ,,
0641-001,641,1,トルネロス,れいじゅうフォルム,トルネロス(れいじゅう),せんぷうポケモン,63.0,1.4,ひこう,,さいせいりょく,,
0642-000,642,0,ボルトロス,けしんフォルム,ボルトロス(けしん),らいげきポケモン,61.0,1.5,でんき,ひこう,いたずらごころ,,
0642-001,642,1,ボルトロス,れいじゅうフォルム,ボルトロス(れいじゅう),らいげきポケモン,61.0,3.0,でんき,ひこう,ちくでん,,
0643-000,643,0,レシラム,,レシラム,はくようポケモン,330.0,3.2,ドラゴン,ほのお,ターボブレイズ,,
0644-000,644,0,ゼクロム,,ゼクロム,こくいんポケモン,345.0,2.9,ドラゴン,でんき,テラボルテージ,,
0645-000,645,0,ランドロス,けしんフォルム,ランドロス(けしん),ほうじょうポケモン,68.0,1.5,じめん,ひこう,すなのちから,,
0645-001,645,1,ランドロス,れいじゅうフォルム,ランドロス(れいじゅう),ほうじょうポケモン,68.0,1.3,じめん,ひこう,いかく,,
0646-000,646,0,キュレム,キュレムのすがた,キュレム,きょうかいポケモン,325.0,3.0,ドラゴン,こおり,プレッシャー,,
0646-001,646,1,キュレム,ホワイトキュレム,ホワイトキュレム,きょうかいポケモン,325.0,3.6,ドラゴン,こおり,ターボブレイズ,,
0646-002,646,2,キュレム,ブラックキュレム,ブラックキュレム,きょうかいポケモン,325.0,3.3,ドラゴン,こおり,テラボルテージ,,
0647-000,647,0,ケルディオ,いつものすがた,ケルディオ(いつも),わかごまポケモン,48.5,1.4,みず,かくとう,せいぎのこころ,,
0647-001,647,1,ケルディオ,かくごのすがた,ケルディオ(かくご),わかごまポケモン,48.5,1.4,みず,かくとう,せいぎのこころ,,
0648-000,648,0,メロエッタ,ボイスフォルム,メロエッタ(ボイス),せんりつポケモン,6.5,0.6,ノーマル,エスパー,てんのめぐみ,,
0648-001,648,1,メロエッタ,ステップフォルム,メロエッタ(ステップ),せんりつポケモン,6.5,0.6,ノーマル,かくとう,てんのめぐみ,,
0649-000,649,0,ゲノセクト,ゲノセクトのすがた,ゲノセクト,こせいだいポケモン,82.5,1.5,むし,はがね,ダウンロード,,
0650-000,650,0,ハリマロン,,ハリマロン,いがぐりポケモン,9.0,0.4,くさ,,しんりょく,,
0651-000,651,0,ハリボーグ,,ハリボーグ,とげよろいポケモン,29.0,0.7,くさ,,しんりょく,,
0652-000,652,0,ブリガロン,,ブリガロン,とげよろいポケモン,90.0,1.6,くさ,かくとう,しんりょく,,
0653-000,653,0,フォッコ,,フォッコ,キツネポケモン,9.4,0.4,ほのお,,もうか,,
0654-000,654,0,テールナー,,テールナー,キツネポケモン,14.5,1.0,ほのお,,もうか,,
0655-000,655,0,マフォクシー,,マフォクシー,キツネポケモン,39.0,1.5,ほのお,エスパー,もうか,,
0656-000,656,0,ケロマツ,,ケロマツ,あわがえるポケモン,7.0,0.3,みず,,げきりゅう,,
0657-000,657,0,ゲコガシラ,,ゲコガシラ,あわがえるポケモン,10.9,0.6,みず,,げきりゅう,,
0658-000,658,0,ゲッコウガ,,ゲッコウガ,しのびポケモン,40.0,1.5,みず,あく,げきりゅう,,
0659-000,659,0,ホルビー,,ホルビー,あなほりポケモン,5.0,0.4,ノーマル,,ものひろい,ほおぶくろ,
0660-000,660,0,ホルード,,ホルード,あなほりポケモン,42.4,1.0,ノーマル,じめん,ものひろい,ほおぶくろ,
0661-000,661,0,ヤヤコマ,,ヤヤコマ,コマドリポケモン,1.7,0.3,ノーマル,ひこう,はとむね,,
0662-000,662,0,ヒノヤコマ,,ヒノヤコマ,ひのこポケモン,16.0,0.7,ほのお,ひこう,ほのおのからだ,,
0663-000,663,0,ファイアロー,,ファイアロー,れっかポケモン,24.5,1.2,ほのお,ひこう,ほのおのからだ,,
0664-000,664,0,コフキムシ,,コフキムシ,こなふきポケモン,2.5,0.3,むし,,りんぷん,ふくがん,
0665-000,665,0,コフーライ,,コフーライ,こなふきポケモン,8.4,0.3,むし,,だっぴ,,
0666-000,666,0,ビビヨン,ひょうせつのもよう,ビビヨン,りんぷんポケモン,17.0,1.2,むし,ひこう,りんぷん,ふくがん,
0667-000,667,0,シシコ,,シシコ,わかじしポケモン,13.5,0.6,ほのお,ノーマル,とうそうしん,きんちょうかん,
0668-000,668,0,カエンジシ,,カエンジシ,おうじゃポケモン,81.5,1.5,ほのお,ノーマル,とうそうしん,きんちょうかん,
0669-000,669,0,フラベベ,,フラベベ,いちりんポケモン,0.1,0.1,フェアリー,,フラワーベール,,
0670-000,670,0,フラエッテ,,フラエッテ,いちりんポケモン,0.9,0.2,フェアリー,,フラワーベール,,
0671-000,671,0,フラージェス,,フラージェス,ガーデンポケモン,10.0,1.1,フェアリー,,フラワーベール,,
0672-000,672,0,メェークル,,メェークル,ライドポケモン,31.0,0.9,くさ,,そうしょく,,
0673-000,673,0,ゴーゴート,,ゴーゴート,ライドポケモン,91.0,1.7,くさ,,そうしょく,,
0674-000,674,0,ヤンチャム,,ヤンチャム,やんちゃポケモン,8.0,0.6,かくとう,,てつのこぶし,かたやぶり,
0675-000,675,0,ゴロンダ,,ゴロンダ,こわもてポケモン,136.0,2.1,かくとう,あく,てつのこぶし,かたやぶり,
0676-000,676,0,トリミアン,やせいのすがた,トリミアン,プードルポケモン,28.0,1.2,ノーマル,,ファーコート,,
0677-000,677,0,ニャスパー,,ニャスパー,じせいポケモン,3.5,0.3,エスパー,,するどいめ,すりぬけ,
0678-000,678,0,ニャオニクス,オスのすがた,ニャオニクス(オス),よくせいポケモン,8.5,0.6,エスパー,,するどいめ,すりぬけ,
0678-001,678,1,ニャオニクス,メスのすがた,ニャオニクス(メス),よくせいポケモン,8.5,0.6,エスパー,,するどいめ,すりぬけ,
0679-000,679,0,ヒトツキ,,ヒトツキ,とうけんポケモン,2.0,0.8,はがね,ゴースト,ノーガード,,
0680-000,680,0,ニダンギル,,ニダンギル,とうけんポケモン,4.5,0.8,はがね,ゴースト,ノーガード,,
0681-000,681,0,ギルガルド,シールドフォルム,ギルガルド(シールド),おうけんポケモン,53.0,1.7,はがね,ゴースト,バトルスイッチ,,
0681-001,681,1,ギルガルド,ブレードフォルム,ギルガルド(ブレード),おうけんポケモン,53.0,1.7,はがね,ゴースト,バトルスイッチ,,
0682-000,682,0,シュシュプ,,シュシュプ,こうすいポケモン,0.5,0.2,フェアリー,,いやしのこころ,,
0683-000,683,0,フレフワン,,フレフワン,ほうこうポケモン,15.5,0.8,フェアリー,,いやしのこころ,,
0684-000,684,0,ペロッパフ,,ペロッパフ,わたあめポケモン,3.5,0.4,フェアリー,,スイートベール,,
0685-000,685,0,ペロリーム,,ペロリーム,ホイップポケモン,5.0,0.8,フェアリー,,スイートベール,,
0686-000,686,0,マーイーカ,,マーイーカ,かいてんポケモン,3.5,0.4,あく,エスパー,あまのじゃく,きゅうばん,
0687-000,687,0,カラマネロ,,カラマネロ,ぎゃくてんポケモン,47.0,1.5,あく,エスパー,あまのじゃく,きゅうばん,
0688-000,688,0,カメテテ,,カメテテ,ふたてポケモン,31.0,0.5,いわ,みず,かたいツメ,スナイパー,
0689-000,689,0,ガメノデス,,ガメノデス,しゅうごうポケモン,96.0,1.3,いわ,みず,かたいツメ,スナイパー,
0690-000,690,0,クズモー,,クズモー,クサモドキポケモン,7.3,0.5,どく,みず,どくのトゲ,どくしゅ,
0691-000,691,0,ドラミドロ,,ドラミドロ,クサモドキポケモン,81.5,1.8,どく,ドラゴン,どくのトゲ,どくしゅ,
0692-000,692,0,ウデッポウ,,ウデッポウ,みずでっぽうポケモン,8.3,0.5,みず,,メガランチャー,,
0693-000,693,0,ブロスター,,ブロスター,ランチャーポケモン,35.3,1.3,みず,,メガランチャー,,
0694-000,694,0,エリキテル,,エリキテル,はつでんポケモン,6.0,0.5,でんき,ノーマル,かんそうはだ,すながくれ,
0695-000,695,0,エレザード,,エレザード,はつでんポケモン,21.0,1.0,でんき,ノーマル,かんそうはだ,すながくれ,
0696-000,696,0,チゴラス,,チゴラス,ようくんポケモン,26.0,0.8,いわ,ドラゴン,がんじょうあご,,
0697-000,697,0,ガチゴラス,,ガチゴラス,ぼうくんポケモン,270.0,2.5,いわ,ドラゴン,がんじょうあご,,
0698-000,698,0,アマルス,,アマルス,ツンドラポケモン,25.2,1.3,いわ,こおり,フリーズスキン,,
0699-000,699,0,アマルルガ,,アマルルガ,ツンドラポケモン,225.0,2.7,いわ,こおり,フリーズスキン,,
0700-000,700,0,ニンフィア,,ニンフィア,むすびつきポケモン,23.5,1.0,フェアリー,,メロメロボディ,,
0701-000,701,0,ルチャブル,,ルチャブル,レスリングポケモン,21.5,0.8,かくとう,ひこう,じゅうなん,かるわざ,
0702-000,702,0,デデンネ,,デデンネ,アンテナポケモン,2.2,0.2,でんき,フェアリー,ほおぶくろ,ものひろい,
0703-000,703,0,メレシー,,メレシー,ほうせきポケモン,5.7,0.3,いわ,フェアリー,クリアボディ,,
0704-000,704,0,ヌメラ,,ヌメラ,なんたいポケモン,2.8,0.3,ドラゴン,,そうしょく,うるおいボディ,
0705-000,705,0,ヌメイル,,ヌメイル,なんたいポケモン,17.5,0.8,ドラゴン,,そうしょく,うるおいボディ,
0705-001,705,1,ヌメイル,ヒスイのすがた,ヌメイル(ヒスイ),マイマイポケモン,68.5,0.7,はがね,ドラゴン,そうしょく,シェルアーマー,
0706-000,706,0,ヌメルゴン,,ヌメルゴン,ドラゴンポケモン,150.5,2.0,ドラゴン,,そうしょく,うるおいボディ,
0706-001,706,1,ヌメルゴン,ヒスイのすがた,ヌメルゴン(ヒスイ),からこもりポケモン,334.1,1.7,はがね,ドラゴン,そうしょく,シェルアーマー,
0707-000,707,0,クレッフィ,,クレッフィ,かぎたばポケモン,3.0,0.2,はがね,フェアリー,いたずらごころ,,
0708-000,708,0,ボクレー,,ボクレー,きりかぶポケモン,7.0,0.4,ゴースト,くさ,しぜんかいふく,おみとおし,
0709-000,709,0,オーロット,,オーロット,ろうぼくポケモン,71.0,1.5,ゴースト,くさ,しぜんかいふく,おみとおし,
0710-000,710,0,バケッチャ,ふつうのサイズ,バケッチャ(ふつう),かぼちゃポケモン,5,0.4,ゴースト,くさ,ものひろい,おみとおし,
0710-001,710,1,バケッチャ,ちいさいサイズ,バケッチャ(ちいさい),,0,0,,,,,
0710-002,710,2,バケッチャ,おおきいサイズ,バケッチャ(おおきい),,0,0,,,,,
0710-003,710,3,バケッチャ,とくだいサイズ,バケッチャ(とくだい),,0,0,,,,,
0711-000,711,0,パンプジン,ふつうのサイズ,パンプジン(ふつう),かぼちゃポケモン,12.5,0.9,ゴースト,くさ,ものひろい,おみとおし,
0711-001,711,1,パンプジン,ちいさいサイズ,パンプジン(ちいさい),,0,0,,,,,
0711-002,711,2,パンプジン,おおきいサイズ,パンプジン(おおきい),,0,0,,,,,
0711-003,711,3,パンプジン,とくだいサイズ,パンプジン(とくだい),,0,0,,,,,
0712-000,712,0,カチコール,,カチコール,ひょうかいポケモン,99.5,1.0,こおり,,マイペース,アイスボディ,
0713-000,713,0,クレベース,,クレベース,ひょうざんポケモン,505.0,2.0,こおり,,マイペース,アイスボディ,
0713-001,713,1,クレベース,ヒスイのすがた,クレベース(ヒスイ),ひょうざんポケモン,262.4,1.4,こおり,いわ,がんじょうあご,アイスボディ,
0714-000,714,0,オンバット,,オンバット,おんぱポケモン,8.0,0.5,ひこう,ドラゴン,おみとおし,すりぬけ,
0715-000,715,0,オンバーン,,オンバーン,おんぱポケモン,85.0,1.5,ひこう,ドラゴン,おみとおし,すりぬけ,
0716-000,716,0,ゼルネアス,リラックスモード,ゼルネアス,せいめいポケモン,215.0,3.0,フェアリー,,フェアリーオーラ,,
0717-000,717,0,イベルタル,,イベルタル,はかいポケモン,203.0,5.8,あく,ひこう,ダークオーラ,,
0718-000,718,0,ジガルデ,５０％フォルム,ジガルデ(５０％),ちつじょポケモン,305.0,5.0,ドラゴン,じめん,オーラブレイク,スワームチェンジ,
0718-001,718,1,ジガルデ,１０％フォルム,ジガルデ(１０％),ちつじょポケモン,33.5,1.2,ドラゴン,じめん,オーラブレイク,スワームチェンジ,
0718-004,718,4,ジガルデ,パーフェクトフォルム,ジガルデ(パーフェクト),ちつじょポケモン,610.0,4.5,ドラゴン,じめん,スワームチェンジ,,
0719-000,719,0,ディアンシー,,ディアンシー,ほうせきポケモン,8.8,0.7,いわ,フェアリー,クリアボディ,,
0719-001,719,1,ディアンシー,メガディアンシー,メガディアンシー,ほうせきポケモン,27.8,1.1,いわ,フェアリー,マジックミラー,,
0720-000,720,0,フーパ,いましめられしフーパ,フーパ(いましめられし),いたずらポケモン,9.0,0.5,エスパー,ゴースト,マジシャン,,
0720-001,720,1,フーパ,ときはなたれしフーパ,フーパ(ときはなたれし),まじんポケモン,490.0,6.5,エスパー,あく,マジシャン,,
0721-000,721,0,ボルケニオン,,ボルケニオン,スチームポケモン,195.0,1.7,ほのお,みず,ちょすい,,
0722-000,722,0,モクロー,,モクロー,くさばねポケモン,1.5,0.3,くさ,ひこう,しんりょく,,
0723-000,723,0,フクスロー,,フクスロー,はばねポケモン,16.0,0.7,くさ,ひこう,しんりょく,,
0724-000,724,0,ジュナイパー,,ジュナイパー,やばねポケモン,36.6,1.6,くさ,ゴースト,しんりょく,,
0724-001,724,1,ジュナイパー,ヒスイのすがた,ジュナイパー(ヒスイ),やばねポケモン,37.0,1.6,くさ,かくとう,しんりょく,,
0725-000,725,0,ニャビー,,ニャビー,ひねこポケモン,4.3,0.4,ほのお,,もうか,,
0726-000,726,0,ニャヒート,,ニャヒート,ひねこポケモン,25.0,0.7,ほのお,,もうか,,
0727-000,727,0,ガオガエン,,ガオガエン,ヒールポケモン,83.0,1.8,ほのお,あく,もうか,,
0728-000,728,0,アシマリ,,アシマリ,あしかポケモン,7.5,0.4,みず,,げきりゅう,,
0729-000,729,0,オシャマリ,,オシャマリ,アイドルポケモン,17.5,0.6,みず,,げきりゅう,,
0730-000,730,0,アシレーヌ,,アシレーヌ,ソリストポケモン,44.0,1.8,みず,フェアリー,げきりゅう,,
0731-000,731,0,ツツケラ,,ツツケラ,きつつきポケモン,1.2,0.3,ノーマル,ひこう,するどいめ,スキルリンク,
0732-000,732,0,ケララッパ,,ケララッパ,ラッパぐちポケモン,14.8,0.6,ノーマル,ひこう,するどいめ,スキルリンク,
0733-000,733,0,ドデカバシ,,ドデカバシ,おおづつポケモン,26.0,1.1,ノーマル,ひこう,するどいめ,スキルリンク,
0734-000,734,0,ヤングース,,ヤングース,うろつきポケモン,6.0,0.4,ノーマル,,はりこみ,がんじょうあご,
0735-000,735,0,デカグース,,デカグース,はりこみポケモン,14.2,0.7,ノーマル,,はりこみ,がんじょうあご,
0736-000,736,0,アゴジムシ,,アゴジムシ,ようちゅうポケモン,4.4,0.4,むし,,むしのしらせ,,
0737-000,737,0,デンヂムシ,,デンヂムシ,バッテリーポケモン,10.5,0.5,むし,でんき,バッテリー,,
0738-000,738,0,クワガノン,,クワガノン,くわがたポケモン,45.0,1.5,むし,でんき,ふゆう,,
0739-000,739,0,マケンカニ,,マケンカニ,けんとうポケモン,7.0,0.6,かくとう,,かいりきバサミ,てつのこぶし,
0740-000,740,0,ケケンカニ,,ケケンカニ,けがにポケモン,180.0,1.7,かくとう,こおり,かいりきバサミ,てつのこぶし,
0741-000,741,0,オドリドリ,めらめらスタイル,オドリドリ(めらめら),ダンスポケモン,3.4,0.6,ほのお,ひこう,おどりこ,,
0741-001,741,1,オドリドリ,ぱちぱちスタイル,オドリドリ(ぱちぱち),ダンスポケモン,3.4,0.6,でんき,ひこう,おどりこ,,
0741-002,741,2,オドリドリ,ふらふらスタイル,オドリドリ(ふらふら),ダンスポケモン,3.4,0.6,エスパー,ひこう,おどりこ,,
0741-003,741,3,オドリドリ,まいまいスタイル,オドリドリ(まいまい),ダンスポケモン,3.4,0.6,ゴースト,ひこう,おどりこ,,
0742-000,742,0,アブリー,,アブリー,ツリアブポケモン,0.2,0.1,むし,フェアリー,みつあつめ,りんぷん,
0743-000,743,0,アブリボン,,アブリボン,ツリアブポケモン,0.5,0.2,むし,フェアリー,みつあつめ,りんぷん,
0744-000,744,0,イワンコ,,イワンコ,こいぬポケモン,9.2,0.5,いわ,,するどいめ,やるき,
0745-000,745,0,ルガルガン,まひるのすがた,ルガルガン(まひる),オオカミポケモン,25.0,0.8,いわ,,するどいめ,すなかき,
0745-001,745,1,ルガルガン,まよなかのすがた,ルガルガン(まよなか),オオカミポケモン,25.0,1.1,いわ,,するどいめ,やるき,
0745-002,745,2,ルガルガン,たそがれのすがた,ルガルガン(たそがれ),オオカミポケモン,25.0,0.8,いわ,,かたいツメ,,
0746-000,746,0,ヨワシ,たんどくのすがた,ヨワシ(たんどく),こざかなポケモン,0.3,0.2,みず,,ぎょぐん,,
0746-001,746,1,ヨワシ,むれたすがた,ヨワシ(むれ),こざかなポケモン,78.6,8.2,みず,,ぎょぐん,,
0747-000,747,0,ヒドイデ,,ヒドイデ,ヒトデナシポケモン,8.0,0.4,どく,みず,ひとでなし,じゅうなん,
0748-000,748,0,ドヒドイデ,,ドヒドイデ,ヒトデナシポケモン,14.5,0.7,どく,みず,ひとでなし,じゅうなん,
0749-000,749,0,ドロバンコ,,ドロバンコ,うさぎうまポケモン,110.0,1.0,じめん,,マイペース,じきゅうりょく,
0750-000,750,0,バンバドロ,,バンバドロ,ばんばポケモン,920.0,2.5,じめん,,マイペース,じきゅうりょく,
0751-000,751,0,シズクモ,,シズクモ,すいほうポケモン,4.0,0.3,みず,むし,すいほう,,
0752-000,752,0,オニシズクモ,,オニシズクモ,すいほうポケモン,82.0,1.8,みず,むし,すいほう,,
0753-000,753,0,カリキリ,,カリキリ,かまくさポケモン,1.5,0.3,くさ,,リーフガード,,
0754-000,754,0,ラランテス,,ラランテス,はなかまポケモン,18.5,0.9,くさ,,リーフガード,,
0755-000,755,0,ネマシュ,,ネマシュ,はっこうポケモン,1.5,0.2,くさ,フェアリー,はっこう,ほうし,
0756-000,756,0,マシェード,,マシェード,はっこうポケモン,11.5,1.0,くさ,フェアリー,はっこう,ほうし,
0757-000,757,0,ヤトウモリ,,ヤトウモリ,どくトカゲポケモン,4.8,0.6,どく,ほのお,ふしょく,,
0758-000,758,0,エンニュート,,エンニュート,どくトカゲポケモン,22.2,1.2,どく,ほのお,ふしょく,,
0759-000,759,0,ヌイコグマ,,ヌイコグマ,じたばたポケモン,6.8,0.5,ノーマル,かくとう,もふもふ,ぶきよう,
0760-000,760,0,キテルグマ,,キテルグマ,ごうわんポケモン,135.0,2.1,ノーマル,かくとう,もふもふ,ぶきよう,
0761-000,761,0,アマカジ,,アマカジ,フルーツポケモン,3.2,0.3,くさ,,リーフガード,どんかん,
0762-000,762,0,アママイコ,,アママイコ,フルーツポケモン,8.2,0.7,くさ,,リーフガード,どんかん,
0763-000,763,0,アマージョ,,アマージョ,フルーツポケモン,21.4,1.2,くさ,,リーフガード,じょおうのいげん,
0764-000,764,0,キュワワー,,キュワワー,はなつみポケモン,0.3,0.1,フェアリー,,フラワーベール,ヒーリングシフト,
0765-000,765,0,ヤレユータン,,ヤレユータン,けんじゃポケモン,76.0,1.5,ノーマル,エスパー,せいしんりょく,テレパシー,
0766-000,766,0,ナゲツケサル,,ナゲツケサル,れんけいポケモン,82.8,2.0,かくとう,,レシーバー,,
0767-000,767,0,コソクムシ,,コソクムシ,そうこうポケモン,12.0,0.5,むし,みず,にげごし,,
0768-000,768,0,グソクムシャ,,グソクムシャ,そうこうポケモン,108.0,2.0,むし,みず,ききかいひ,,
0769-000,769,0,スナバァ,,スナバァ,すなやまポケモン,70.0,0.5,ゴースト,じめん,みずがため,,
0770-000,770,0,シロデスナ,,シロデスナ,すなのしろポケモン,250.0,1.3,ゴースト,じめん,みずがため,,
0771-000,771,0,ナマコブシ,,ナマコブシ,なまこポケモン,1.2,0.3,みず,,とびだすなかみ,,
0772-000,772,0,タイプ：ヌル,,タイプ：ヌル,じんこうポケモン,120.5,1.9,ノーマル,,カブトアーマー,,
0773-000,773,0,シルヴァディ,タイプ：ノーマル,シルヴァディ,じんこうポケモン,100.5,2.3,ノーマル,,ＡＲシステム,,
0774-000,774,0,メテノ,りゅうせいのすがた,メテノ(りゅうせい),ながれぼしポケモン,40.0,0.3,いわ,ひこう,リミットシールド,,
0774-007,774,7,メテノ,あかいろのコア,メテノ(コア),ながれぼしポケモン,0.3,0.3,いわ,ひこう,リミットシールド,,
0775-000,775,0,ネッコアラ,,ネッコアラ,ゆめうつつポケモン,19.9,0.4,ノーマル,,ぜったいねむり,,
0776-000,776,0,バクガメス,,バクガメス,ばくはつがめポケモン,212.0,2.0,ほのお,ドラゴン,シェルアーマー,,
0777-000,777,0,トゲデマル,,トゲデマル,まるまりポケモン,3.3,0.3,でんき,はがね,てつのトゲ,ひらいしん,
0778-000,778,0,ミミッキュ,,ミミッキュ,ばけのかわポケモン,0.7,0.2,ゴースト,フェアリー,ばけのかわ,,
0779-000,779,0,ハギギシリ,,ハギギシリ,はぎしりポケモン,19.0,0.9,みず,エスパー,ビビッドボディ,がんじょうあご,
0780-000,780,0,ジジーロン,,ジジーロン,ゆうゆうポケモン,185.0,3.0,ノーマル,ドラゴン,ぎゃくじょう,そうしょく,
0781-000,781,0,ダダリン,,ダダリン,もくずポケモン,210.0,3.9,ゴースト,くさ,はがねつかい,,
0782-000,782,0,ジャラコ,,ジャラコ,うろこポケモン,29.7,0.6,ドラゴン,,ぼうだん,ぼうおん,
0783-000,783,0,ジャランゴ,,ジャランゴ,うろこポケモン,47.0,1.2,ドラゴン,かくとう,ぼうだん,ぼうおん,
0784-000,784,0,ジャラランガ,,ジャラランガ,うろこポケモン,78.2,1.6,ドラゴン,かくとう,ぼうだん,ぼうおん,
0785-000,785,0,カプ・コケコ,,カプ・コケコ,とちがみポケモン,20.5,1.8,でんき,フェアリー,エレキメイカー,,
0786-000,786,0,カプ・テテフ,,カプ・テテフ,とちがみポケモン,18.6,1.2,エスパー,フェアリー,サイコメイカー,,
0787-000,787,0,カプ・ブルル,,カプ・ブルル,とちがみポケモン,45.5,1.9,くさ,フェアリー,グラスメイカー,,
0788-000,788,0,カプ・レヒレ,,カプ・レヒレ,とちがみポケモン,21.2,1.3,みず,フェアリー,ミストメイカー,,
0789-000,789,0,コスモッグ,,コスモッグ,せいうんポケモン,0.1,0.2,エスパー,,てんねん,,
0790-000,790,0,コスモウム,,コスモウム,げんしせいポケモン,999.9,0.1,エスパー,,がんじょう,,
0791-000,791,0,ソルガレオ,,ソルガレオ,にちりんポケモン,230.0,3.4,エスパー,はがね,メタルプロテクト,,
0792-000,792,0,ルナアーラ,,ルナアーラ,がちりんポケモン,120.0,4.0,エスパー,ゴースト,ファントムガード,,
0793-000,793,0,ウツロイド,,ウツロイド,きせいポケモン,55.5,1.2,いわ,どく,ビーストブースト,,
0794-000,794,0,マッシブーン,,マッシブーン,ぼうちょうポケモン,333.6,2.4,むし,かくとう,ビーストブースト,,
0795-000,795,0,フェローチェ,,フェローチェ,えんびポケモン,25.0,1.8,むし,かくとう,ビーストブースト,,
0796-000,796,0,デンジュモク,,デンジュモク,でんしょくポケモン,100.0,3.8,でんき,,ビーストブースト,,
0797-000,797,0,テッカグヤ,,テッカグヤ,うちあげポケモン,999.9,9.2,はがね,ひこう,ビーストブースト,,
0798-000,798,0,カミツルギ,,カミツルギ,ばっとうポケモン,0.1,0.3,くさ,はがね,ビーストブースト,,
0799-000,799,0,アクジキング,,アクジキング,あくじきポケモン,888.0,5.5,あく,ドラゴン,ビーストブースト,,
0800-000,800,0,ネクロズマ,,ネクロズマ,プリズムポケモン,230.0,2.4,エスパー,,プリズムアーマー,,
0800-001,800,1,ネクロズマ,たそがれのたてがみ,ネクロズマ(たそがれ),プリズムポケモン,460.0,3.8,エスパー,はがね,プリズムアーマー,,
0800-002,800,2,ネクロズマ,あかつきのつばさ,ネクロズマ(あかつき),プリズムポケモン,350.0,4.2,エスパー,ゴースト,プリズムアーマー,,
0800-003,800,3,ネクロズマ,ウルトラネクロズマ,ネクロズマ(ウルトラネクロズマ),プリズムポケモン,230.0,7.5,エスパー,ドラゴン,ブレインフォース,,
0801-000,801,0,マギアナ,,マギアナ,じんぞうポケモン,80.5,1.0,はがね,フェアリー,ソウルハート,,
0802-000,802,0,マーシャドー,,マーシャドー,かげすみポケモン,22.2,0.7,かくとう,ゴースト,テクニシャン,,
0803-000,803,0,ベベノム,,ベベノム,どくばりポケモン,1.8,0.6,どく,,ビーストブースト,,
0804-000,804,0,アーゴヨン,,アーゴヨン,どくばりポケモン,150.0,3.6,どく,ドラゴン,ビーストブースト,,
0805-000,805,0,ツンデツンデ,,ツンデツンデ,いしがきポケモン,820.0,5.5,いわ,はがね,ビーストブースト,,
0806-000,806,0,ズガドーン,,ズガドーン,はなびポケモン,13.0,1.8,ほのお,ゴースト,ビーストブースト,,
0807-000,807,0,ゼラオラ,,ゼラオラ,じんらいポケモン,44.5,1.5,でんき,,ちくでん,,
0808-000,808,0,メルタン,,メルタン,ナットポケモン,8.0,0.2,はがね,,じりょく,,
0809-000,809,0,メルメタル,,メルメタル,ナットポケモン,800.0,2.5,はがね,,てつのこぶし,,
0809-999,809,999,メルメタル,キョダイマックス,メルメタル(キョダイ),ナットポケモン,"9,999.9",25.0,はがね,,てつのこぶし,,
0810-000,810,0,サルノリ,,サルノリ,こざるポケモン,5.0,0.3,くさ,,しんりょく,,
0811-000,811,0,バチンキー,,バチンキー,ビートポケモン,14.0,0.7,くさ,,しんりょく,,
0812-000,812,0,ゴリランダー,,ゴリランダー,ドラマーポケモン,90.0,2.1,くさ,,しんりょく,,
0812-999,812,999,ゴリランダー,キョダイマックス,ゴリランダー(キョダイ),-,"9,999.9",28.0,くさ,,しんりょく,,
0813-000,813,0,ヒバニー,,ヒバニー,うさぎポケモン,4.5,0.3,ほのお,,もうか,,
0814-000,814,0,ラビフット,,ラビフット,うさぎポケモン,9.0,0.6,ほのお,,もうか,,
0815-000,815,0,エースバーン,,エースバーン,ストライカーポケモン,33.0,1.4,ほのお,,もうか,,
0815-999,815,999,エースバーン,キョダイマックス,エースバーン(キョダイ),-,"9,999.9",27.0,ほのお,,もうか,,
0816-000,816,0,メッソン,,メッソン,みずとかげポケモン,4.0,0.3,みず,,げきりゅう,,
0817-000,817,0,ジメレオン,,ジメレオン,みずとかげポケモン,11.5,0.7,みず,,げきりゅう,,
0818-000,818,0,インテレオン,,インテレオン,エージェントポケモン,45.2,1.9,みず,,げきりゅう,,
0818-999,818,999,インテレオン,キョダイマックス,インテレオン(キョダイ),-,"9,999.9",40.0,みず,,げきりゅう,,
0819-000,819,0,ホシガリス,,ホシガリス,ほおばりポケモン,2.5,0.3,ノーマル,,ほおぶくろ,,
0820-000,820,0,ヨクバリス,,ヨクバリス,よくばりポケモン,6.0,0.6,ノーマル,,ほおぶくろ,,
0821-000,821,0,ココガラ,,ココガラ,ことりポケモン,1.8,0.2,ひこう,,するどいめ,きんちょうかん,
0822-000,822,0,アオガラス,,アオガラス,カラスポケモン,16.0,0.8,ひこう,,するどいめ,きんちょうかん,
0823-000,823,0,アーマーガア,,アーマーガア,カラスポケモン,75.0,2.2,ひこう,はがね,プレッシャー,きんちょうかん,
0823-999,823,999,アーマーガア,キョダイマックス,アーマーガア(キョダイ),-,"9,999.9",14.0,ひこう,はがね,プレッシャー,きんちょうかん,
0824-000,824,0,サッチムシ,,サッチムシ,ようちゅうポケモン,8.0,0.4,むし,,むしのしらせ,ふくがん,
0825-000,825,0,レドームシ,,レドームシ,レドームポケモン,19.5,0.4,むし,エスパー,むしのしらせ,ふくがん,
0826-000,826,0,イオルブ,,イオルブ,ななほしポケモン,40.8,0.4,むし,エスパー,むしのしらせ,おみとおし,
0826-999,826,999,イオルブ,キョダイマックス,イオルブ(キョダイ),-,"9,999.9",14.0,むし,エスパー,むしのしらせ,おみとおし,
0827-000,827,0,クスネ,,クスネ,きつねポケモン,8.9,0.6,あく,,にげあし,かるわざ,
0828-000,828,0,フォクスライ,,フォクスライ,きつねポケモン,19.9,1.2,あく,,にげあし,かるわざ,
0829-000,829,0,ヒメンカ,,ヒメンカ,はなかざりポケモン,2.2,0.4,くさ,,わたげ,さいせいりょく,
0830-000,830,0,ワタシラガ,,ワタシラガ,わたかざりポケモン,2.5,0.5,くさ,,わたげ,さいせいりょく,
0831-000,831,0,ウールー,,ウールー,ひつじポケモン,6.0,0.6,ノーマル,,もふもふ,にげあし,
0832-000,832,0,バイウールー,,バイウールー,ひつじポケモン,43.0,1.3,ノーマル,,もふもふ,ふくつのこころ,
0833-000,833,0,カムカメ,,カムカメ,くいつきポケモン,8.5,0.3,みず,,がんじょうあご,シェルアーマー,
0834-000,834,0,カジリガメ,,カジリガメ,かみつきポケモン,115.5,1.0,みず,いわ,がんじょうあご,シェルアーマー,
0834-999,834,999,カジリガメ,キョダイマックス,カジリガメ(キョダイ),-,"9,999.9",24.0,みず,いわ,がんじょうあご,シェルアーマー,
0835-000,835,0,ワンパチ,,ワンパチ,こいぬポケモン,13.5,0.3,でんき,,たまひろい,,
0836-000,836,0,パルスワン,,パルスワン,いぬポケモン,34.0,1.0,でんき,,がんじょうあご,,
0837-000,837,0,タンドン,,タンドン,せきたんポケモン,12.0,0.3,いわ,,じょうききかん,たいねつ,
0838-000,838,0,トロッゴン,,トロッゴン,せきたんポケモン,78.0,1.1,いわ,ほのお,じょうききかん,ほのおのからだ,
0839-000,839,0,セキタンザン,,セキタンザン,せきたんポケモン,310.5,2.8,いわ,ほのお,じょうききかん,ほのおのからだ,
0839-999,839,999,セキタンザン,キョダイマックス,セキタンザン(キョダイ),-,"9,999.9",42.0,いわ,ほのお,じょうききかん,ほのおのからだ,
0840-000,840,0,カジッチュ,,カジッチュ,りんごぐらしポケモン,0.5,0.2,くさ,ドラゴン,じゅくせい,くいしんぼう,
0841-000,841,0,アップリュー,,アップリュー,りんごはねポケモン,1.0,0.3,くさ,ドラゴン,じゅくせい,くいしんぼう,
0841-999,841,999,アップリュー,キョダイマックス,アップリュー(キョダイ),-,"9,999.9",24.0,くさ,ドラゴン,じゅくせい,くいしんぼう,
0842-000,842,0,タルップル,,タルップル,りんごじるポケモン,13.0,0.4,くさ,ドラゴン,じゅくせい,くいしんぼう,
0842-999,842,999,タルップル,キョダイマックス,タルップル(キョダイ),-,"9,999.9",24.0,くさ,ドラゴン,じゅくせい,くいしんぼう,
0843-000,843,0,スナヘビ,,スナヘビ,すなへびポケモン,7.6,2.2,じめん,,すなはき,だっぴ,
0844-000,844,0,サダイジャ,,サダイジャ,すなへびポケモン,65.5,3.8,じめん,,すなはき,だっぴ,
0844-999,844,999,サダイジャ,キョダイマックス,サダイジャ(キョダイ),-,"9,999.9",22.0,じめん,,すなはき,だっぴ,
0845-000,845,0,ウッウ,,ウッウ,うのみポケモン,18.0,0.8,ひこう,みず,うのミサイル,,
0846-000,846,0,サシカマス,,サシカマス,とつげきポケモン,1.0,0.5,みず,,すいすい,,
0847-000,847,0,カマスジョー,,カマスジョー,くしざしポケモン,30.0,1.3,みず,,すいすい,,
0848-000,848,0,エレズン,,エレズン,あかごポケモン,11.0,0.4,でんき,どく,びびり,せいでんき,
0849-000,849,0,ストリンダー,ハイなすがた,ストリンダー(ハイ),パンクポケモン,40.0,1.6,でんき,どく,パンクロック,プラス,
0849-001,849,1,ストリンダー,ローなすがた,ストリンダー(ロー),パンクポケモン,40.0,1.6,でんき,どく,パンクロック,マイナス,
0849-999,849,999,ストリンダー,キョダイマックス,ストリンダー(キョダイ),-,"9,999.9",24.0,でんき,どく,パンクロック,プラス,
0850-000,850,0,ヤクデ,,ヤクデ,はつねつポケモン,1.0,0.7,ほのお,むし,もらいび,しろいけむり,
0851-000,851,0,マルヤクデ,,マルヤクデ,はつねつポケモン,120.0,3.0,ほのお,むし,もらいび,しろいけむり,
0851-999,851,999,マルヤクデ,キョダイマックス,マルヤクデ(キョダイ),-,"9,999.9",75.0,ほのお,むし,もらいび,しろいけむり,
0852-000,852,0,タタッコ,,タタッコ,だだっこポケモン,4.0,0.6,かくとう,,じゅうなん,,
0853-000,853,0,オトスパス,,オトスパス,じゅうじゅつポケモン,39.0,1.6,かくとう,,じゅうなん,,
0854-000,854,0,ヤバチャ,,ヤバチャ,こうちゃポケモン,0.2,0.1,ゴースト,,くだけるよろい,,
0855-000,855,0,ポットデス,,ポットデス,こうちゃポケモン,0.4,0.2,ゴースト,,くだけるよろい,,
0856-000,856,0,ミブリム,,ミブリム,おだやかポケモン,3.4,0.4,エスパー,,いやしのこころ,きけんよち,
0857-000,857,0,テブリム,,テブリム,せいしゅくポケモン,4.8,0.6,エスパー,,いやしのこころ,きけんよち,
0858-000,858,0,ブリムオン,,ブリムオン,せいじゃくポケモン,5.1,2.1,エスパー,フェアリー,いやしのこころ,きけんよち,
0858-999,858,999,ブリムオン,キョダイマックス,ブリムオン(キョダイ),-,"9,999.9",26.0,エスパー,フェアリー,いやしのこころ,きけんよち,
0859-000,859,0,ベロバー,,ベロバー,いじわるポケモン,5.5,0.4,あく,フェアリー,いたずらごころ,おみとおし,
0860-000,860,0,ギモー,,ギモー,しょうわるポケモン,12.5,0.8,あく,フェアリー,いたずらごころ,おみとおし,
0861-000,861,0,オーロンゲ,,オーロンゲ,ビルドアップポケモン,61.0,1.5,あく,フェアリー,いたずらごころ,おみとおし,
0861-999,861,999,オーロンゲ,キョダイマックス,オーロンゲ(キョダイ),-,"9,999.9",32.0,あく,フェアリー,いたずらごころ,おみとおし,
0862-000,862,0,タチフサグマ,,タチフサグマ,ていしポケモン,46.0,1.6,あく,ノーマル,すてみ,こんじょう,
0863-000,863,0,ニャイキング,,ニャイキング,バイキングポケモン,28.0,0.8,はがね,,カブトアーマー,かたいツメ,
0864-000,864,0,サニゴーン,,サニゴーン,さんごポケモン,0.4,1.0,ゴースト,,くだけるよろい,,
0865-000,865,0,ネギガナイト,,ネギガナイト,かるがもポケモン,117.0,0.8,かくとう,,ふくつのこころ,,
0866-000,866,0,バリコオル,,バリコオル,コメディアンポケモン,58.2,1.5,こおり,エスパー,ちどりあし,バリアフリー,
0867-000,867,0,デスバーン,,デスバーン,おんねんポケモン,66.6,1.6,じめん,ゴースト,さまようたましい,,
0868-000,868,0,マホミル,,マホミル,クリームポケモン,0.3,0.2,フェアリー,,スイートベール,,
0869-000,869,0,マホイップ,ミルキィバニラ,マホイップ,クリームポケモン,0.5,0.3,フェアリー,,スイートベール,,
0869-999,869,999,マホイップ,キョダイマックス,マホイップ(キョダイ),-,"9,999.9",30.0,フェアリー,,スイートベール,,
0870-000,870,0,タイレーツ,,タイレーツ,じんけいポケモン,62.0,3.0,かくとう,,カブトアーマー,,
0871-000,871,0,バチンウニ,,バチンウニ,うにポケモン,1.0,0.3,でんき,,ひらいしん,,
0872-000,872,0,ユキハミ,,ユキハミ,いもむしポケモン,3.8,0.3,こおり,むし,りんぷん,,
0873-000,873,0,モスノウ,,モスノウ,こおりがポケモン,42.0,1.3,こおり,むし,りんぷん,,
0874-000,874,0,イシヘンジン,,イシヘンジン,きょせきポケモン,520.0,2.5,いわ,,パワースポット,,
0875-000,875,0,コオリッポ,アイスフェイス,コオリッポ(アイス),ペンギンポケモン,89.0,1.4,こおり,,アイスフェイス,,
0875-001,875,1,コオリッポ,ナイスフェイス,コオリッポ(ナイス),ペンギンポケモン,89.0,1.4,こおり,,アイスフェイス,,
0876-000,876,0,イエッサン,オスのすがた,イエッサン(オス),かんじょうポケモン,28.0,0.9,エスパー,ノーマル,せいしんりょく,シンクロ,
0876-001,876,1,イエッサン,メスのすがた,イエッサン(メス),かんじょうポケモン,28.0,0.9,エスパー,ノーマル,マイペース,シンクロ,
0877-000,877,0,モルペコ,まんぷくもよう,モルペコ,にめんポケモン,3.0,0.3,でんき,あく,はらぺこスイッチ,,
0878-000,878,0,ゾウドウ,,ゾウドウ,どうぞうポケモン,100.0,1.2,はがね,,ちからずく,,
0879-000,879,0,ダイオウドウ,,ダイオウドウ,どうぞうポケモン,650.0,3.0,はがね,,ちからずく,,
0879-999,879,999,ダイオウドウ,キョダイマックス,ダイオウドウ(キョダイ),-,"9,999.9",23.0,はがね,,ちからずく,,
0880-000,880,0,パッチラゴン,,パッチラゴン,かせきポケモン,190.0,1.8,でんき,ドラゴン,ちくでん,はりきり,
0881-000,881,0,パッチルドン,,パッチルドン,かせきポケモン,150.0,2.3,でんき,こおり,ちくでん,せいでんき,
0882-000,882,0,ウオノラゴン,,ウオノラゴン,かせきポケモン,215.0,2.3,みず,ドラゴン,ちょすい,がんじょうあご,
0883-000,883,0,ウオチルドン,,ウオチルドン,かせきポケモン,175.0,2.0,みず,こおり,ちょすい,アイスボディ,
0884-000,884,0,ジュラルドン,,ジュラルドン,ごうきんポケモン,40.0,1.8,はがね,ドラゴン,ライトメタル,ヘヴィメタル,
0884-999,884,999,ジュラルドン,キョダイマックス,ジュラルドン(キョダイ),-,"9,999.9",43.0,はがね,ドラゴン,ライトメタル,ヘヴィメタル,
0885-000,885,0,ドラメシヤ,,ドラメシヤ,うらめしポケモン,2.0,0.5,ドラゴン,ゴースト,クリアボディ,すりぬけ,
0886-000,886,0,ドロンチ,,ドロンチ,せわやくポケモン,11.0,1.4,ドラゴン,ゴースト,クリアボディ,すりぬけ,
0887-000,887,0,ドラパルト,,ドラパルト,ステルスポケモン,50.0,3.0,ドラゴン,ゴースト,クリアボディ,すりぬけ,
0888-000,888,0,ザシアン,れきせんのゆうしゃ,ザシアン(れきせん),つわものポケモン,110.0,2.8,フェアリー,,ふとうのけん,,
0888-001,888,1,ザシアン,けんのおう,ザシアン(けんのおう),つわものポケモン,355.0,2.8,フェアリー,はがね,ふとうのけん,,
0889-000,889,0,ザマゼンタ,れきせんのゆうしゃ,ザマゼンタ(れきせん),つわものポケモン,210.0,2.9,かくとう,,ふくつのたて,,
0889-001,889,1,ザマゼンタ,たてのおう,ザマゼンタ(たてのおう),つわものポケモン,785.0,2.9,かくとう,はがね,ふくつのたて,,
0890-000,890,0,ムゲンダイナ,,ムゲンダイナ,キョダイポケモン,950.0,20.0,どく,ドラゴン,プレッシャー,,
0891-000,891,0,ダクマ,,ダクマ,けんぽうポケモン,12.0,0.6,かくとう,,せいしんりょく,,
0892-000,892,0,ウーラオス,いちげきのかた,ウーラオス(いちげき),けんぽうポケモン,105.0,1.9,かくとう,あく,ふかしのこぶし,,
0892-001,892,1,ウーラオス,れんげきのかた,ウーラオス(れんげき),けんぽうポケモン,105.0,1.9,かくとう,みず,ふかしのこぶし,,
0892-999,892,999,ウーラオス,キョダイマックス,ウーラオス(キョダイ),-,"9,999.9",29.0,かくとう,あく,ふかしのこぶし,,
0893-000,893,0,ザルード,,ザルード,わるざるポケモン,70.0,1.8,あく,くさ,リーフガード,,
0894-000,894,0,レジエレキ,,レジエレキ,エレクトロンポケモン,145.0,1.2,でんき,,トランジスタ,,
0895-000,895,0,レジドラゴ,,レジドラゴ,りゅうぎょくポケモン,200.0,2.1,ドラゴン,,りゅうのあぎと,,
0896-000,896,0,ブリザポス,,ブリザポス,あばれうまポケモン,800.0,2.2,こおり,,しろのいななき,,
0897-000,897,0,レイスポス,,レイスポス,しゅんばポケモン,44.5,2.0,ゴースト,,くろのいななき,,
0898-000,898,0,バドレックス,,バドレックス,キングポケモン,7.7,1.1,エスパー,くさ,きんちょうかん,,
0898-001,898,1,バドレックス,はくばじょうのすがた,バドレックス(はくば),エンペラーポケモン,809.1,2.4,エスパー,こおり,じんばいったい,,
0898-002,898,2,バドレックス,こくばじょうのすがた,バドレックス(こくば),エンペラーポケモン,53.6,2.4,エスパー,ゴースト,じんばいったい,,
0899-000,899,0,アヤシシ,,アヤシシ,おおツノポケモン,95.1,1.8,ノーマル,エスパー,いかく,おみとおし,
0900-000,900,0,バサギリ,,バサギリ,まさかりポケモン,89.0,1.8,むし,いわ,むしのしらせ,ちからずく,
0901-000,901,0,ガチグマ,,ガチグマ,でいたんポケモン,290.0,2.4,じめん,ノーマル,こんじょう,ぼうだん,
0901-001,901,1,ガチグマ,アカツキ,ガチグマ(アカツキ),でいたんポケモン,333.0,2.7,じめん,ノーマル,しんがん,,
0902-000,902,0,イダイトウ,オスのすがた,イダイトウ(オス),おおうおポケモン,110.0,3.0,みず,ゴースト,すいすい,てきおうりょく,
0902-001,902,1,イダイトウ,メスのすがた,イダイトウ(メス),おおうおポケモン,110.0,3.0,みず,ゴースト,すいすい,てきおうりょく,
0903-000,903,0,オオニューラ,,オオニューラ,クライミングポケモン,43.0,1.3,かくとう,どく,プレッシャー,かるわざ,
0904-000,904,0,ハリーマン,,ハリーマン,けんざんポケモン,60.5,2.5,あく,どく,どくのトゲ,すいすい,
0905-000,905,0,ラブトロス,けしんフォルム,ラブトロス(けしん),あいぞうポケモン,48.0,1.6,フェアリー,ひこう,メロメロボディ,,
0905-001,905,1,ラブトロス,れいじゅうフォルム,ラブトロス(れいじゅう),あいぞうポケモン,48.0,1.6,フェアリー,ひこう,ぼうじん,,
0906-000,906,0,ニャオハ,,ニャオハ,くさねこポケモン,4.1,0.4,くさ,,しんりょく,,
0907-000,907,0,ニャローテ,,ニャローテ,くさねこポケモン,12.2,0.9,くさ,,しんりょく,,
0908-000,908,0,マスカーニャ,,マスカーニャ,マジシャンポケモン,31.2,1.5,くさ,あく,しんりょく,,
0909-000,909,0,ホゲータ,,ホゲータ,ほのおワニポケモン,9.8,0.4,ほのお,,もうか,,
0910-000,910,0,アチゲータ,,アチゲータ,ほのおワニポケモン,30.7,1.0,ほのお,,もうか,,
0911-000,911,0,ラウドボーン,,ラウドボーン,シンガーポケモン,326.5,1.6,ほのお,ゴースト,もうか,,
0912-000,912,0,クワッス,,クワッス,こがもポケモン,6.1,0.5,みず,,げきりゅう,,
0913-000,913,0,ウェルカモ,,ウェルカモ,レッスンポケモン,21.5,1.2,みず,,げきりゅう,,
0914-000,914,0,ウェーニバル,,ウェーニバル,ダンサーポケモン,61.9,1.8,みず,かくとう,げきりゅう,,
0915-000,915,0,グルトン,,グルトン,ぶたポケモン,10.2,0.5,ノーマル,,アロマベール,くいしんぼう,
0916-000,916,0,パフュートン,オスのすがた,パフュートン(オス),ぶたポケモン,120.0,1.0,ノーマル,,とれないにおい,くいしんぼう,
0916-001,916,1,パフュートン,メスのすがた,パフュートン(メス),ぶたポケモン,120.0,1.0,ノーマル,,アロマベール,くいしんぼう,
0917-000,917,0,タマンチュラ,,タマンチュラ,いとだまポケモン,4.0,0.3,むし,,ふみん,,
0918-000,918,0,ワナイダー,,ワナイダー,トラップポケモン,16.5,1.0,むし,,ふみん,,
0919-000,919,0,マメバッタ,,マメバッタ,バッタポケモン,1.0,0.2,むし,,むしのしらせ,,
0920-000,920,0,エクスレッグ,,エクスレッグ,バッタポケモン,17.5,1.0,むし,あく,むしのしらせ,,
0921-000,921,0,パモ,,パモ,ねずみポケモン,2.5,0.3,でんき,,せいでんき,しぜんかいふく,
0922-000,922,0,パモット,,パモット,ねずみポケモン,6.5,0.4,でんき,かくとう,ちくでん,しぜんかいふく,
0923-000,923,0,パーモット,,パーモット,てあてポケモン,41.0,0.9,でんき,かくとう,ちくでん,しぜんかいふく,
0924-000,924,0,ワッカネズミ,,ワッカネズミ,カップルポケモン,1.8,0.3,ノーマル,,にげあし,ものひろい,
0925-000,925,0,イッカネズミ,,イッカネズミ,ファミリーポケモン,2.3,0.3,ノーマル,,フレンドガード,ほおぶくろ,
0926-000,926,0,パピモッチ,,パピモッチ,こいぬポケモン,10.9,0.3,フェアリー,,マイペース,,
0927-000,927,0,バウッツェル,,バウッツェル,いぬポケモン,14.9,0.5,フェアリー,,こんがりボディ,,
0928-000,928,0,ミニーブ,,ミニーブ,オリーブポケモン,6.5,0.3,くさ,ノーマル,はやおき,,
0929-000,929,0,オリーニョ,,オリーニョ,オリーブポケモン,11.9,0.6,くさ,ノーマル,はやおき,,
0930-000,930,0,オリーヴァ,,オリーヴァ,オリーブポケモン,48.2,1.4,くさ,ノーマル,こぼれダネ,,
0931-000,931,0,イキリンコ,グリーンフェザー,イキリンコ(グリーン),インコポケモン,2.4,0.6,ノーマル,ひこう,いかく,はりきり,
0931-001,931,1,イキリンコ,ブルーフェザー,イキリンコ(ブルー),インコポケモン,2.4,0.6,ノーマル,ひこう,いかく,はりきり,
0931-002,931,2,イキリンコ,イエローフェザー,イキリンコ(イエロー),インコポケモン,2.4,0.6,ノーマル,ひこう,いかく,はりきり,
0931-003,931,3,イキリンコ,ホワイトフェザー,イキリンコ(ホワイト),インコポケモン,2.4,0.6,ノーマル,ひこう,いかく,はりきり,
0932-000,932,0,コジオ,,コジオ,がんえんポケモン,16.0,0.4,いわ,,きよめのしお,がんじょう,
0933-000,933,0,ジオヅム,,ジオヅム,がんえんポケモン,105.0,0.6,いわ,,きよめのしお,がんじょう,
0934-000,934,0,キョジオーン,,キョジオーン,がんえんポケモン,240.0,2.3,いわ,,きよめのしお,がんじょう,
0935-000,935,0,カルボウ,,カルボウ,ひのこポケモン,10.5,0.6,ほのお,,もらいび,,
0936-000,936,0,グレンアルマ,,グレンアルマ,ひのせんしポケモン,85.0,1.5,ほのお,エスパー,もらいび,,
0937-000,937,0,ソウブレイズ,,ソウブレイズ,ひのけんしポケモン,62.0,1.6,ほのお,ゴースト,もらいび,,
0938-000,938,0,ズピカ,,ズピカ,でんきおたまポケモン,0.4,0.3,でんき,,マイペース,せいでんき,
0939-000,939,0,ハラバリー,,ハラバリー,でんきがえるポケモン,113.0,1.2,でんき,,でんきにかえる,せいでんき,
0940-000,940,0,カイデン,,カイデン,うみつばめポケモン,3.6,0.4,でんき,ひこう,ふうりょくでんき,ちくでん,
0941-000,941,0,タイカイデン,,タイカイデン,ぐんかんどりポケモン,38.6,1.4,でんき,ひこう,ふうりょくでんき,ちくでん,
0942-000,942,0,オラチフ,,オラチフ,わかぞうポケモン,16.0,0.5,あく,,いかく,にげあし,
0943-000,943,0,マフィティフ,,マフィティフ,おやぶんポケモン,61.0,1.1,あく,,いかく,ばんけん,
0944-000,944,0,シルシュルー,,シルシュルー,どくねずみポケモン,0.7,0.2,どく,ノーマル,かるわざ,わるいてぐせ,
0945-000,945,0,タギングル,,タギングル,どくざるポケモン,27.2,0.7,どく,ノーマル,かるわざ,どくしゅ,
0946-000,946,0,アノクサ,,アノクサ,ころがりぐさポケモン,0.6,0.6,くさ,ゴースト,かぜのり,,
0947-000,947,0,アノホラグサ,,アノホラグサ,ころがりぐさポケモン,6.0,1.2,くさ,ゴースト,かぜのり,,
0948-000,948,0,ノノクラゲ,,ノノクラゲ,きくらげポケモン,33.0,0.9,じめん,くさ,きんしのちから,,
0949-000,949,0,リククラゲ,,リククラゲ,きくらげポケモン,58.0,1.9,じめん,くさ,きんしのちから,,
0950-000,950,0,ガケガニ,,ガケガニ,まちぶせポケモン,79.0,1.3,いわ,,いかりのこうら,シェルアーマー,
0951-000,951,0,カプサイジ,,カプサイジ,ハバネロポケモン,3.0,0.3,くさ,,ようりょくそ,ふみん,
0952-000,952,0,スコヴィラン,,スコヴィラン,ハバネロポケモン,15.0,0.9,くさ,ほのお,ようりょくそ,ふみん,
0953-000,953,0,シガロコ,,シガロコ,ころがしポケモン,1.0,0.2,むし,,ふくがん,,
0954-000,954,0,ベラカス,,ベラカス,ころがしポケモン,3.5,0.3,むし,エスパー,シンクロ,,
0955-000,955,0,ヒラヒナ,,ヒラヒナ,フリルポケモン,1.5,0.2,エスパー,,きけんよち,おみとおし,
0956-000,956,0,クエスパトラ,,クエスパトラ,ダチョウポケモン,90.0,1.9,エスパー,,びんじょう,おみとおし,
0957-000,957,0,カヌチャン,,カヌチャン,かなうちポケモン,8.9,0.4,フェアリー,はがね,かたやぶり,マイペース,
0958-000,958,0,ナカヌチャン,,ナカヌチャン,ハンマーポケモン,59.1,0.7,フェアリー,はがね,かたやぶり,マイペース,
0959-000,959,0,デカヌチャン,,デカヌチャン,ハンマーポケモン,112.8,0.7,フェアリー,はがね,かたやぶり,マイペース,
0960-000,960,0,ウミディグダ,,ウミディグダ,あなごポケモン,1.8,1.2,みず,,ぬめぬめ,びびり,
0961-000,961,0,ウミトリオ,,ウミトリオ,あなごポケモン,5.4,1.2,みず,,ぬめぬめ,びびり,
0962-000,962,0,オトシドリ,,オトシドリ,おとしものポケモン,42.9,1.5,ひこう,あく,はとむね,するどいめ,
0963-000,963,0,ナミイルカ,,ナミイルカ,イルカポケモン,60.2,1.3,みず,,みずのベール,,
0964-000,964,0,イルカマン,ナイーブフォルム,イルカマン(ナイーブ),イルカポケモン,60.2,1.3,みず,,マイティチェンジ,,
0964-001,964,1,イルカマン,マイティフォルム,イルカマン(マイティ),ヒーローポケモン,97.4,1.8,みず,,マイティチェンジ,,
0965-000,965,0,ブロロン,,ブロロン,たんきとうポケモン,35.0,1.0,はがね,どく,ぼうじん,,
0966-000,966,0,ブロロローム,,ブロロローム,たきとうポケモン,120.0,1.8,はがね,どく,ぼうじん,,
0967-000,967,0,モトトカゲ,,モトトカゲ,ライドポケモン,63.0,1.6,ドラゴン,ノーマル,だっぴ,,
0968-000,968,0,ミミズズ,,ミミズズ,ミミズポケモン,310.0,2.5,はがね,,どしょく,,
0969-000,969,0,キラーメ,,キラーメ,こうせきポケモン,8.0,0.7,いわ,どく,どくげしょう,,
0970-000,970,0,キラフロル,,キラフロル,こうせきポケモン,45.0,1.5,いわ,どく,どくげしょう,,
0971-000,971,0,ボチ,,ボチ,おばけいぬポケモン,35.0,0.6,ゴースト,,ものひろい,,
0972-000,972,0,ハカドッグ,,ハカドッグ,おばけいぬポケモン,15.0,2.0,ゴースト,,すなかき,,
0973-000,973,0,カラミンゴ,,カラミンゴ,シンクロポケモン,37.0,1.6,ひこう,かくとう,きもったま,ちどりあし,
0974-000,974,0,アルクジラ,,アルクジラ,りくくじらポケモン,45.0,1.2,こおり,,あついしぼう,ゆきがくれ,
0975-000,975,0,ハルクジラ,,ハルクジラ,りくくじらポケモン,700.0,4.5,こおり,,あついしぼう,ゆきかき,
0976-000,976,0,ミガルーサ,,ミガルーサ,きりはなしポケモン,90.0,2.5,みず,エスパー,かたやぶり,,
0977-000,977,0,ヘイラッシャ,,ヘイラッシャ,おおなまずポケモン,220.0,12.0,みず,,てんねん,どんかん,
0978-000,978,0,シャリタツ,そったすがた,シャリタツ(そっ),ぎたいポケモン,8.0,0.3,ドラゴン,みず,しれいとう,,
0978-001,978,1,シャリタツ,たれたすがた,シャリタツ(たれ),ぎたいポケモン,8.0,0.3,ドラゴン,みず,しれいとう,,
0978-002,978,2,シャリタツ,のびたすがた,シャリタツ(のび),ぎたいポケモン,8.0,0.3,ドラゴン,みず,しれいとう,,
0979-000,979,0,コノヨザル,,コノヨザル,ふんどざるポケモン,56.0,1.2,かくとう,ゴースト,やるき,せいしんりょく,
0980-000,980,0,ドオー,,ドオー,とげうおポケモン,223.0,1.8,どく,じめん,どくのトゲ,ちょすい,
0981-000,981,0,リキキリン,,リキキリン,くびながポケモン,160.0,3.2,ノーマル,エスパー,はんすう,テイルアーマー,
0982-000,982,0,ノココッチ,,ノココッチ,つちへびポケモン,39.2,3.6,ノーマル,,てんのめぐみ,にげあし,
0983-000,983,0,ドドゲザン,,ドドゲザン,だいとうポケモン,120.0,2.0,あく,はがね,まけんき,そうだいしょう,
0984-000,984,0,イダイナキバ,,イダイナキバ,パラドックスポケモン,320.0,2.2,じめん,かくとう,こだいかっせい,,
0985-000,985,0,サケブシッポ,,サケブシッポ,パラドックスポケモン,8.0,1.2,フェアリー,エスパー,こだいかっせい,,
0986-000,986,0,アラブルタケ,,アラブルタケ,パラドックスポケモン,21.0,1.2,くさ,あく,こだいかっせい,,
0987-000,987,0,ハバタクカミ,,ハバタクカミ,パラドックスポケモン,4.0,1.4,ゴースト,フェアリー,こだいかっせい,,
0988-000,988,0,チヲハウハネ,,チヲハウハネ,パラドックスポケモン,92.0,3.2,むし,かくとう,こだいかっせい,,
0989-000,989,0,スナノケガワ,,スナノケガワ,パラドックスポケモン,60.0,2.3,でんき,じめん,こだいかっせい,,
0990-000,990,0,テツノワダチ,,テツノワダチ,パラドックスポケモン,240.0,0.9,じめん,はがね,クォークチャージ,,
0991-000,991,0,テツノツツミ,,テツノツツミ,パラドックスポケモン,11.0,0.6,こおり,みず,クォークチャージ,,
0992-000,992,0,テツノカイナ,,テツノカイナ,パラドックスポケモン,380.7,1.8,かくとう,でんき,クォークチャージ,,
0993-000,993,0,テツノコウベ,,テツノコウベ,パラドックスポケモン,111.0,1.3,あく,ひこう,クォークチャージ,,
0994-000,994,0,テツノドクガ,,テツノドクガ,パラドックスポケモン,36.0,1.2,ほのお,どく,クォークチャージ,,
0995-000,995,0,テツノイバラ,,テツノイバラ,パラドックスポケモン,303.0,1.6,いわ,でんき,クォークチャージ,,
0996-000,996,0,セビエ,,セビエ,こおりビレポケモン,17.0,0.5,ドラゴン,こおり,ねつこうかん,,
0997-000,997,0,セゴール,,セゴール,こおりビレポケモン,30.0,0.8,ドラゴン,こおり,ねつこうかん,,
0998-000,998,0,セグレイブ,,セグレイブ,ひょうりゅうポケモン,210.0,2.1,ドラゴン,こおり,ねつこうかん,,
0999-000,999,0,コレクレー,はこフォルム,コレクレー(はこ),たからばこポケモン,5.0,0.3,ゴースト,,びびり,,
0999-001,999,1,コレクレー,とほフォルム,コレクレー(とほ),たからさがしポケモン,0.1,0.1,ゴースト,,にげあし,,
1000-000,1000,0,サーフゴー,,サーフゴー,たからものポケモン,30.0,1.2,はがね,ゴースト,おうごんのからだ,,
1001-000,1001,0,チオンジェン,,チオンジェン,さいやくポケモン,74.2,1.5,あく,くさ,わざわいのおふだ,,
1002-000,1002,0,パオジアン,,パオジアン,さいやくポケモン,152.2,1.9,あく,こおり,わざわいのつるぎ,,
1003-000,1003,0,ディンルー,,ディンルー,さいやくポケモン,699.7,2.7,あく,じめん,わざわいのうつわ,,
1004-000,1004,0,イーユイ,,イーユイ,さいやくポケモン,4.9,0.4,あく,ほのお,わざわいのたま,,
1005-000,1005,0,トドロクツキ,,トドロクツキ,パラドックスポケモン,380.0,2.0,ドラゴン,あく,こだいかっせい,,
1006-000,1006,0,テツノブジン,,テツノブジン,パラドックスポケモン,35.0,1.4,フェアリー,かくとう,クォークチャージ,,
1007-000,1007,0,コライドン,,コライドン,パラドックスポケモン,303.0,2.5,かくとう,ドラゴン,ひひいろのこどう,,
1008-000,1008,0,ミライドン,,ミライドン,パラドックスポケモン,240.0,3.5,でんき,ドラゴン,ハドロンエンジン,,
1009-000,1009,0,ウネルミナモ,,ウネルミナモ,パラドックスポケモン,280.0,3.5,みず,ドラゴン,こだいかっせい,,
1010-000,1010,0,テツノイサハ,,テツノイサハ,パラドックスポケモン,125.0,1.5,くさ,エスパー,クォークチャージ,,
1011-000,1011,0,カミッチュ,,カミッチュ,りんごあめポケモン,4.4,0.4,くさ,ドラゴン,かんろなミツ,くいしんぼう,
1012-000,1012,0,チャデス,マガイモノのすがた,チャデス,まっちゃポケモン,1.1,0.1,くさ,ゴースト,おもてなし,,
1013-000,1013,0,ヤバソチャ,ボンサクのすがた,ヤバソチャ,まっちゃポケモン,2.2,0.2,くさ,ゴースト,おもてなし,,
1014-000,1014,0,イイネイヌ,,イイネイヌ,けらいポケモン,92.2,1.8,どく,かくとう,どくのくさり,,
1015-000,1015,0,マシマシラ,,マシマシラ,けらいポケモン,12.2,1.0,どく,エスパー,どくのくさり,,
1016-000,1016,0,キチキギス,,キチキギス,けらいポケモン,30.1,1.4,どく,フェアリー,どくのくさり,,
1017-000,1017,0,オーガポン,みどりのめん,オーガポン(みどり),おめんポケモン,39.8,1.2,くさ,,まけんき,,
1017-001,1017,1,オーガポン,いどのめん,オーガポン(いど),おめんポケモン,39.8,1.2,くさ,みず,ちょすい,,
1017-002,1017,2,オーガポン,かまどのめん,オーガポン(かまど),おめんポケモン,39.8,1.2,くさ,ほのお,かたやぶり,,
1017-003,1017,3,オーガポン,いしずえのめん,オーガポン(いしずえ),おめんポケモン,39.8,1.2,くさ,いわ,がんじょう,,
1018-000,1018,0,ブリジュラス,,ブリジュラス,ごうきんポケモン,60.0,2.0,はがね,ドラゴン,じきゅうりょく,がんじょう,
1019-000,1019,0,カミツオロチ,,カミツオロチ,りんごオロチポケモン,93.0,1.8,くさ,ドラゴン,かんろなミツ,さいせいりょく,
1020-000,1020,0,ウガツホムラ,,ウガツホムラ,パラドックスポケモン,590.0,3.5,ほのお,ドラゴン,こだいかっせい,,
1021-000,1021,0,タケルライコ,,タケルライコ,パラドックスポケモン,480.0,5.2,でんき,ドラゴン,こだいかっせい,,
1022-000,1022,0,テツノイワオ,,テツノイワオ,パラドックスポケモン,162.5,1.5,いわ,エスパー,クォークチャージ,,
1023-000,1023,0,テツノカシラ,,テツノカシラ,パラドックスポケモン,156.0,1.6,はがね,エスパー,クォークチャージ,,
1024-000,1024,0,テラパゴス,ノーマルフォルム,テラパゴス(ノーマル),テラスタルポケモン,6.5,0.2,ノーマル,,テラスチェンジ,,
1024-001,1024,1,テラパゴス,テラスタルフォルム,テラパゴス(テラスタル),テラスタルポケモン,16.0,0.3,ノーマル,,テラスシェル,,
1024-002,1024,2,テラパゴス,ステラフォルム,テラパゴス(ステラ),テラスタルポケモン,77.0,1.7,ノーマル,,ゼロフォーミング,,
1025-000,1025,0,モモワロウ,,モモワロウ,しはいポケモン,0.3,0.3,どく,ゴースト,どくくぐつ,,
